:020000040800F2
:10000000484E002061020008371F00082719000829
:10001000351F0008AB040008293700080000000065
:10002000000000000000000000000000C9010008FE
:100030002B060008000000000D020008DD33000858
:100040007B0200087B0200087B0200087B0200089C
:100050007B0200087B0200082D0600084906000804
:100060007B0200087B0200087B0200087B0200087C
:100070007B0200087B0200087B0200087B0200086C
:100080007B0200087B0200087B0200087B0200085C
:100090007B0200087B0200087B0200087B0200084C
:1000A000713400087B0200087B0200087B02000814
:1000B0007B0200087B0200087D3400087B020008F8
:1000C0007B0200087B0200087B0200087B0200081C
:1000D0007B0200087B0200087B0200087B0200080C
:1000E000330600087B0200087B02000800F002F8DB
:1000F00000F05AF80AA090E8000C82448344AAF168
:100100000107DA4501D100F04FF8AFF2090EBAE865
:100110000F0013F0010F18BFFB1A43F0010318473B
:1001200038EA000058EA00000A444FF0000C10F8CA
:10013000013B13F0070408BF10F8014B1D1108BF65
:1001400010F8015B641E05D010F8016B641E01F805
:10015000016BF9D113F0080F1EBF10F8014BAD1C55
:100160000C1B09D16D1E58BF01F801CBFAD505E073
:1001700014F8016B01F8016B6D1EF9D59142D6D3CD
:10018000704700000023002400250026103A28BFF5
:1001900078C1FBD8520728BF30C148BF0B607047F9
:1001A0001FB51FBD10B510BD00F045F91146FFF792
:1001B000F7FF03F02BFB00F063F903B4FFF7F2FF46
:1001C00003BC00F06BF90000224B19680868B0E826
:1001D000F00F80F30988BFF36F8F4FF0000080F3BA
:1001E00011884EF00D0E70470000000006480068B0
:1001F000006880F3088862B661B6BFF34F8FBFF323
:100200006F8F00DF00BF00BF08ED00E0EFF3098053
:10021000BFF36F8F0F4B1A6820E9F00F106008B51D
:100220004FF0500080F31188BFF34F8FBFF36F8FF3
:1002300005F0C0FD4FF0000080F31188BDE80840D4
:1002400019680868B0E8F00F80F30988BFF36F8F72
:10025000704700BF40000020EFF3058070470000AA
:100260000948804709480047FEE7FEE7FEE7FEE74A
:10027000FEE7FEE7FEE7FEE7FEE7FEE70448054986
:10028000054A064B7047000067340008ED0000087F
:1002900048480020484E0020484A0020484A002094
:1002A000032A40F2308010F0030C00F0158011F8A2
:1002B000013BBCF1020F624498BF11F801CB00F87A
:1002C000013B38BF11F8013BA2F1040298BF00F8CE
:1002D00001CB38BF00F8013B11F0030300F025808B
:1002E000083AC0F0088051F8043B083A51F804CBB2
:1002F000A0E80810F5E7121D5CBF51F8043B40F878
:10030000043BAFF30080D20724BF11F8013B11F882
:1003100001CB48BF11F8012B24BF00F8013B00F8C6
:1003200001CB48BF00F8012B704710B5203AC0F050
:100330000B80B1E81850203AA0E81850B1E81850E6
:10034000A0E81850BFF4F5AF5FEA027C24BFB1E823
:100350001850A0E8185044BF18C918C0BDE8104094
:100360005FEA827C24BF51F8043B40F8043B08BF9D
:100370007047D20728BF31F8023B48BF11F8012B64
:1003800028BF20F8023B48BF00F8012B704702F05D
:10039000FF0343EA032242EA024200F002B84FF0B0
:1003A00000020429C0F0128010F0030C00F01B8042
:1003B000CCF1040CBCF1020F18BF00F8012BA8BF50
:1003C00020F8022BA1EB0C0100F00DB85FEAC17C14
:1003D00024BF00F8012B00F8012B48BF00F8012BC7
:1003E00070474FF0000200B51346944696462039F8
:1003F00022BFA0E80C50A0E80C50B1F12001BFF4DE
:10040000F7AF090728BFA0E80C5048BF0CC05DF843
:1004100004EB890028BF40F8042B08BF704748BF91
:1004200020F8022B11F0804F18BF00F8012B704705
:10043000704770477047754600F02CF8AE460500CF
:100440006946534620F00700854618B020B5FFF7EF
:1004500015FFBDE820404FF000064FF000074FF0B9
:1004600000084FF0000B21F00701AC46ACE8C009D2
:10047000ACE8C009ACE8C009ACE8C0098D467047DB
:1004800010B50446AFF300802046BDE81040FFF7EA
:1004900094BE000000487047E4470020014918203E
:1004A000ABBEFEE7260002007047FEE71148018957
:1004B000491C89B2018109291AD90021018116300C
:1004C000C288521C92B2C280092A11D98288521C59
:1004D00092B28280C180052A0AD94288521C92B207
:1004E00042808180092A03D90288521C02804180FF
:1004F00070470000B8040020012000F00DB8000093
:1005000010B50221034800F017FA012800D000209E
:1005100010BD000000080140044B08B1012200E0BA
:1005200000220221184600F00CBA00000008014029
:100530002DE9F05F82468B460020FFF7EDFF142087
:1005400003F075F9012202211C4800F0FAF93C2061
:1005500005F032F9FFF7D4FF4FF0FF3958BB4FF4E5
:100560007A742146012000F04EF820BB214600207D
:1005700000F049F8F8B900F023F8C5B200F020F80F
:1005800000F0FF0800F01CF8C4B200F019F8C7B280
:1005900000F016F8C6B20120FFF7BEFF05EB080019
:1005A00020443844B04206D1CAF800500020CBF8AD
:1005B0000040BDE8F09F4846FBE70000000801400E
:1005C0002DE9F04100242546671E4FF47A76314626
:1005D000012000F018F870B9282005F0EDF864004B
:1005E000FFF78EFF012801D144F0010431460020BD
:1005F00000F009F810B13846BDE8F0816D1C082DF7
:10060000E5DB2046F8E770B50C46054608E0FFF745
:1006100077FFA84201D1002070BD012005F0CCF881
:10062000641EF4D24FF0FF3070BD7047012000F01F
:1006300087B810B54FF4806000F082F8BDE8104034
:100640004FF4006000F07CB8022000F079B872B678
:10065000FEE7000070B5044600F078F90546601C1E
:1006600002D004480078044400F070F9401BA04216
:10067000FAD370BD00000020F8B5044600F066F91A
:100680004FF400674FF4806CBC4201D1002106E0BA
:10069000644501D1012102E0022C19D00321234A33
:1006A00052F82130C31AC82B36D342F82100012159
:1006B0001F4A204B20484D03204EBC420AD11268ED
:1006C000012A29D11A68002A26D18DF8001018E0D5
:1006D0000221E4E7644508D11268012A1CD11A6896
:1006E000002A19D18DF801100BE0022C15D0012C35
:1006F00012D11268012A0FD11A68002A0CD18DF884
:10070000031000231A466946406A05F02FFD0022B7
:100710002946304600F015F9F8BD1268012AFBD1D0
:100720001A68002AF8D18DF80210EAE75405002073
:1007300068040020B40400201000002000100140D4
:10074000044910B50A68024202D00860FFF794FF1E
:1007500010BD0000140401402DE9F84FDFF8B891F6
:100760000024A9F1040B23460F2709F1040AABF179
:10077000040EC9E00125A5402A40AA427DD1674E5A
:10078000D1F804C0ACEB0608B44532D014DCBCF19F
:10079000030F3AD009DCBCF1000F2AD0BCF1010FE5
:1007A0001CD0BCF1020F31D11DE0BCF1110F17D0EC
:1007B000BCF1120F2AD119E0B8F5881F19D006DC58
:1007C000B8F5803F15D0B8F5801F1FD111E0B8F5FE
:1007D000001F0ED0B8F5041F18D10AE0CB6815E051
:1007E000CB681B1D12E0CB6808330FE0CB680C33DD
:1007F0000CE08B682BB1012B4FF0080303D045614F
:1008000004E0042302E0056100E00023FF2A01D890
:10081000064601E000F104064FEA840501D9A5F17E
:100820002005D6F8008007FA05FC28EA0C0803FA30
:1008300005F548EA0508C6F800804D68ED0062D568
:10084000374DAE6946F00106AE61AD6924F003068E
:1008500005F001050095334D06EB050CDCF808505A
:10086000A607360F07FA06F825EA0805DFF8B8806C
:10087000404503D14FF0000817E044E0DFF8AC80BA
:10088000404502D14FF001080FE0DFF8A480404559
:1008900002D14FF0020808E0DFF89880404502D10D
:1008A0004FF0030801E04FF0040808FA06F848EAA0
:1008B0000508CCF808804D68D9F80060ED024D4677
:1008C00001D5164300E096432E604D68DAF80060CB
:1008D000AD02554601D5164300E096432E604D68A3
:1008E000DBF80060AD035D4601D5164300E096439A
:1008F0002E604D68DEF80060ED03754601D51643A5
:1009000000E096432E60641C0D682A46E5407FF4A3
:1009100031AFBDE8F88F000008040140000011105D
:10092000001002400000014000080140000C01409E
:1009300000100140001401408068084000D00120F0
:1009400070470AB1016170470904FBE701488068FC
:10095000704700000000002070B5040025D094F816
:100960003D00002520B984F83C50204600F04EF9A7
:10097000242084F83D002068016821F00101016015
:100980002068016841F4004101602068016821F499
:100990000041016000F0F8FA4D4A6168914201D8C7
:1009A0004C4900E04C49884201D2012070BD4B49BE
:1009B0002368B0FBF1F15E6826F03F060E435E60EF
:1009C0006368934206D94FF4967359434FF47A7390
:1009D000B1FBF3F12368491C1E6A26F03F06314340
:1009E00019626168914210D84900401EB0FBF1F2D3
:1009F000521CC2F30B02042A01D2042022E0B0FBF5
:100A0000F1F0401CC0F30B001CE0A268F2B301EB54
:100A1000C10303EB0116431EB3FBF6F35B1C43F467
:100A200080431B0549D092B301EBC10202EB0111D7
:100A3000401EB0FBF1F0401CC0F30B0040F48040BE
:100A400040F400402168CA694CF6FF739A43104392
:100A5000C861D4E9071001432068026822F0C0028F
:100A600011430160D4E9030101432068826848F220
:100A7000FF339A4311438160D4E90501084321689B
:100A8000CA6822F0FF021043C86001E00EE016E0E1
:100A90002068016841F0010101602564202084F88C
:100AA0003D00256384F83E50002070BD01EB4106F7
:100AB000431EB3FBF6F35B1CB3E70120C2E701EB77
:100AC0004101401EB0FBF1F0401CC0F30B00B7E742
:100AD000A086010080841E0000093D0040420F00F6
:100AE0002DE9F84F1F4690468A460446DDF82890C7
:100AF000FFF72CFF054694F83D0020287FD11923ED
:100B0000012240492046009500F0A0FF002876D140
:100B100094F83C00012872D0012084F83C00206841
:100B20000168C90703D1016841F001010160206833
:100B3000016821F400610160212084F83D0010204B
:100B400084F83E0000262664C4F824806785608D02
:100B500020852D48E0622B464A465146204600F04B
:100B6000FBFE90B9206841698069009036E02A4612
:100B70004946204601F010F850B1206C042804D1F9
:100B80002068016841F4007101600120BDE8F88F20
:100B9000606A216800780861606A401C6062618D4B
:100BA000491E6185218D491E89B2218522685369BC
:100BB000DB435B070BD451B100781061606A401CC5
:100BC0006062608D401E6085208D401E20852A4613
:100BD0004946204600F00EFF0028CED1208D002887
:100BE000C5D154F83D0B016841F40071016020202B
:100BF00004F81E09E67766770020C7E7FFE70220C2
:100C0000C4E70000020010000000FFFF10B586B02E
:100C10000021009101910291039100680F498842DF
:100C20001AD10F4CA06940F00800A061A069694684
:100C300000F008000490C0200090122001900320D2
:100C400003900848FFF788FDE06940F40010E06178
:100C5000E06900F40010049006B010BD005400409C
:100C600000100240000C01400248816802781144E3
:100C70008160704700000020074810B5016841F00E
:100C800010010160032000F0B7F80F2000F006F813
:100C900000F050F8002010BD0020024030B505469D
:100CA0001F4887B0C16941F00401C161C06906A94C
:100CB00000F00400009001A800F046F90498B0B1DB
:100CC00000F062F940001749174AB0FBF1F11748EC
:100CD000491E0260416040F2E7320021C0E9032171
:100CE0008160816100F07AFB040003D015E000F020
:100CF0004BF9E8E70D4800F0CFFB04000DD11E20B2
:100D000000F04DF8102D07D2002229461E2000F0D9
:100D100053F80748056000E0012407B0204630BDC5
:100D20000010024040420F00000800400006002072
:100D3000040000200F4808B5816941F0010181617C
:100D4000816901F001010091C16941F08051C161E7
:100D5000C069002200F0805000900F21901E00F02A
:100D60002BF80548416821F0E06141F000714160D5
:100D700008BD0000001002400000014000280DDB0B
:100D800000F01F02012191404009800000F1E020A5
:100D9000C0F88011BFF34F8FBFF36F8F70470028EB
:100DA00009DB00F01F02012191404009800000F1A1
:100DB000E020C0F800117047F0B40E4B1B680C46E1
:100DC000C3F30223C3F10705042D00D90425191D1F
:100DD000072901D2002300E0DB1E012606FA05F1F7
:100DE000491E214099409E40761E16403143F0BC7A
:100DF00002F09BBC0CED00E0064900F00702086819
:100E00004FF6FF03184040EA0220034A10430860EF
:100E1000704700000CED00E00000FA052DE9F047F6
:100E20000F46050061D0434E306800F00700B8421D
:100E300009D2306820F0070038433060306800F095
:100E40000700B84251D128683B4C810712D54007B2
:100E500003D5606840F4E06060602878000703D53F
:100E6000606840F4605060606068A96820F0F0003D
:100E7000084360602878C00728D06868012810D02F
:100E80002168022810D0890700292EDA616821F034
:100E9000030101436160FFF759FD804641F2883943
:100EA0000DE021688903EFE78901EDE7FFF74EFDCB
:100EB000A0EB0801494502D90320BDE8F08760682E
:100EC000696800F00C00B0EB810FEFD1306800F0E2
:100ED0000700B8420BD9306820F007003843306073
:100EE000306800F00700B84201D00120E5E728781B
:100EF000400705D56068E96820F4E0600843606059
:100F00002878000706D56068296920F4605040EA17
:100F1000C100606000F048F86168084AC1F303113D
:100F2000515CC8400649086006480068FFF7B6FEF5
:100F30000020C2E70020024000100240266A00089C
:100F40000C000020040000200F2202600C4A5368AD
:100F500003F003034360536803F0F00383605368B6
:100F600003F4E063C36052684FF4E06303EAD20223
:100F700002610448006800F0070008607047000044
:100F800000100240002002400448054900684968FA
:100F9000044AC1F30221515CC84070470C00002094
:100FA00000100240366A00080E4A51680E4801F0EF
:100FB0000C03042B11D0082B0FD10C48C1F3834331
:100FC000C903C05C0AD55168084AC1F34041921E6A
:100FD000515C054A5043B0FBF1F070470449484367
:100FE000704700000010024000127A00166A0008E4
:100FF00000093D002DE9F84F040070D02078C04D65
:10100000C00749D06868C0F38100012807D068682C
:10101000C0F38100022809D16868C00306D528689A
:10102000800339D560680028E7D035E06068B0F506
:10103000803F0BD010B1B0F5A02F11D0286820F45C
:1010400080302860286820F4802002E0286840F47E
:1010500080302860606890B1FFF778FC06460AE0AF
:10106000286840F480202860F0E700BFFFF76EFC9E
:10107000801B642873D828688003F7D50CE0FFF73D
:1010800065FC064605E000BFFFF760FC801B642896
:10109000F0D828688003F7D420789A4E80074FF064
:1010A00001094FF0000839D5686810F00C0F07D01F
:1010B0006868C0F38100022809D16868C00306D4BB
:1010C0002868800714D52069012808D110E020691C
:1010D000B0B1C6F80090FFF739FC074605E00AE119
:1010E000FFF734FCC01B0228C4D828688007F7D556
:1010F0002868616920F0F80040EAC10028600DE02E
:10110000C6F80080FFF722FC074604E0FFF71EFC4C
:10111000C01B022823D828688007F7D4207800074E
:101120002CD57948A169D9B1C0F80090FFF70EFC21
:10113000074604E0FFF70AFCC01B02280FD8686AC4
:101140008007F7D571484FF4FA510068B0FBF1F011
:10115000009000BF0098411E0091FAD20EE080E09E
:10116000C0F80080FFF7F2FB074604E0FFF7EEFB54
:10117000C01B022875D8686A8007F7D4207840071A
:1011800060D5E8690027C00008D4E86940F08050C5
:10119000E861E869012700F0805000905C48016830
:1011A000C90513D40168834641F480710160FFF7DB
:1011B000CDFB824606E000BFFFF7C8FBA0EB0A00AC
:1011C00064284ED8DBF80000C005F5D5E06801289A
:1011D0000AD008B1052813D0286A20F0010028623F
:1011E000286A20F0040002E0286A40F0010028622A
:1011F000E06841F2883B98B1FFF7A8FB82460BE01C
:10120000286A40F004002862EEE700BFFFF79EFB6B
:10121000A0EB0A0159455AD8286A8007F6D50CE098
:10122000FFF794FB824605E0FFF790FBA0EB0A0175
:1012300059454CD8286A8007F6D41FB1E86920F0D8
:101240008050E861E06988B36968C1F381010229CF
:1012500044D00228C6F8608004D0FFF777FB04462C
:1012600038E034E0FFF772FB074604E0FFF76EFB5F
:10127000C01B02282BD828688001F7D4206AB0F55B
:10128000803F05D16868A16820F400300843686099
:10129000D4E908010843696821F4741108436860BF
:1012A000C6F86090FFF752FB044606E025E000BF59
:1012B000FFF74CFB001B022809D828688001F7D5EE
:1012C0001BE000BFFFF742FB001B022802D90320EE
:1012D000BDE8F88F28688001F4D40EE00128F7D02B
:1012E0006868226A00F48031914204D1616A00F496
:1012F0007010884201D00120EAE70020E8E70000F2
:101300000010024000004242800442420C000020D3
:10131000007000407047704770B590F83C20012A7B
:1013200026D0012480F83C40022280F83D2003684A
:101330005A689D6822F070060A6832435A600D4B65
:1013400002689A4208D0B2F1804F05D00A4B9A4207
:1013500002D00A4B9A4204D1496825F08003194310
:10136000916080F83D40002180F83C10084670BD37
:10137000022070BD002C0140000400400008004025
:1013800010B50446022084F83D002068016A41F24D
:101390001112114207D1016A9210114203D1016862
:1013A00021F001010160204600F046F8002084F899
:1013B000460084F83E0084F83F0084F8400084F83A
:1013C000410084F8420084F8430084F8440084F823
:1013D000450084F83D0084F83C0010BD10B50400C1
:1013E00003D094F83D0010B107E0012010BD0020AB
:1013F00084F83C00204600F031F8022084F83D00DB
:10140000211D206802F040F8012084F8460084F88D
:101410003E0084F83F0084F8400084F8410084F8DE
:10142000420084F8430084F8440084F8450084F8BE
:101430003D00002010BD000000680649884207D129
:101440000548816921F4006181611820FFF796BC8D
:1014500070470000002C01400010024008B50068F1
:101460000B49884212D10B48816941F400618161C6
:101470008069002200F40060009005211820FFF729
:101480009BFCBDE808401820FFF789BC08BD0000A0
:10149000002C01400010024090F83D10012901D0BD
:1014A00001207047022180F83D100168CA6842F0AF
:1014B0000102CA6000680B49884208D0B0F1804F31
:1014C00005D00949884202D00849884204D1816880
:1014D00001F00701062903D0016841F00101016014
:1014E00000207047002C014000040040000800402C
:1014F00070B5044690F83C000025012817D001265D
:1015000084F83C60022084F83D002068826822F064
:10151000770222F47F4282600868502838D00DDCC0
:1015200020284FD005DC90B3102811D14AE00220CA
:1015300070BD302846D040280AD13BE060282FD02B
:1015400070280DD0B0F5805F03D0B0F5005F12D0E9
:10155000012584F83D60002084F83C00284670BDD9
:10156000CB68D1E90121206801F0D1FF20688168B2
:1015700041F0770109E0CB68D1E90121206801F051
:10158000C6FF2068816841F480418160E1E719E08D
:10159000CA684968206802F06FF85021206806E0A8
:1015A000CA684968206802F078F86021206801F074
:1015B000B8FFCEE7CA684968206802F05DF84021AC
:1015C0002068F4E7226801461046F0E7704770B5DE
:1015D0000446006801694FF00005C943890715D426
:1015E000C168C943890711D4E91E01610120207730
:1015F000206880698007204602D0FFF7E7FF04E0FB
:1016000000F098F8204600F0FCF825772068016982
:10161000C943490717D4C168C943490713D46FF0B8
:1016200004010161022020772068806910F4407F66
:10163000204602D0FFF7CAFF04E000F07BF8204606
:1016400000F0DFF8257720680169C943090716D43F
:10165000C168C943090712D46FF008010161042071
:1016600020772068C0698007204602D0FFF7AEFFD0
:1016700004E000F05FF8204600F0C3F8257720680A
:101680000169C943C90617D4C168C943C90613D43F
:101690006FF010010161082020772068C06910F404
:1016A000407F204602D0FFF791FF04E000F042F8AF
:1016B000204600F0A6F8257720680169C943C907CC
:1016C00008D1C168C943C90704D1891E01612046F8
:1016D00000F01EF920680169C943090609D4C168F0
:1016E000C943090605D46FF0800101612046FFF768
:1016F00011FE20680169C943490609D4C168C9437C
:10170000490605D46FF040010161204600F00AF956
:1017100020680169C94389060BD4C168C943890699
:1017200007D46FF0200101612046BDE87040FFF74B
:10173000F2BD70BD704770B5044690F83C000026BD
:101740000D4601280FD0012084F83C006AB1042A1C
:101750001DD0082A2FD00C2A3FD00126002084F863
:101760003C00304670BD022070BD206801F0E2FEF2
:101770002068816941F0080181612068816921F058
:1017800004018161206881692A69114311E02068A0
:1017900001F0F8FE2068816941F4006181612068F0
:1017A000816921F480618161206881692A6941EA47
:1017B00002218161D2E7206801F010FF2068C16931
:1017C00041F00801C1612068C16921F00401C161D3
:1017D0002068C1692A69114311E0206801F02AFFDD
:1017E0002068C16941F40061C1612068C16921F4C8
:1017F0008061C1612068C1692A6941EA0221C16131
:10180000ACE7704710B50446022249B104290ED056
:10181000082913D094F84100012816D0012010BDEA
:1018200094F83E000128F9D184F83E200FE094F8A6
:101830003F000128F2D184F83F2008E094F84000EE
:101840000128EBD184F8402001E084F841200122F6
:10185000206801F04FFE0F492068884203D1426C96
:1018600042F4004242642068884208D0B0F1804FC0
:1018700005D00949884202D00849884204D18168CC
:1018800001F00701062903D0016841F00101016060
:10189000002010BD002C0140000400400008004062
:1018A00030B504460D460068002201F023FE174BB8
:1018B00041F2111120688A10984209D1036A0B4243
:1018C00006D1036A134203D1436C23F400434364FB
:1018D0002068036A0B4206D1016A114203D10168F4
:1018E00021F00101016001203DB1042D08D0082D37
:1018F00009D084F84100002030BD84F83E00FAE7AA
:1019000084F83F00F7E784F84000F4E7002C01403A
:1019100000680349884201D1FFF7A6B9704700006B
:10192000000800407047FEE701684A69D24352054B
:101930000FD46FF480624A61002140F8301F2022EA
:1019400042738173026942F0040202610173012053
:101950007047002070470000F8B50446C06A1E4674
:101960000D461746082807D0012805D010F5803FFE
:1019700002D0206B122804D12068016841F48071E4
:101980000160134600224FF001112046009600F03E
:101990005DF840B120680068C00502D54FF40070C2
:1019A00020640320F8BD2069B0F5804F0ED00620DA
:1019B000216800EAD51040F0F000086133463A464D
:1019C0000B49204600F08AF878B902E005F0FE00E5
:1019D00000E0E8B221680861054933463A46891FAC
:1019E000204600F07BF80028DCD00120F8BD000084
:1019F0000800010070B516460D4604461EE020465C
:101A0000FFF792FF08B1012070BD681C16D0FEF7E9
:101A10009DFF801BA84200D885B920684069C0435B
:101A200040070BD5002044F8300F20216173A073CC
:101A3000216941F0200121612073E4E720684069B9
:101A4000C0434007DBD4002070BD00002DE9F04703
:101A5000984617460D460446C1F30746DDF8209028
:101A60002AE000BFB8F1FF3F26D0FEF76FFFA0EBE2
:101A70000901414502D8B8F1000F1DD12068012E9F
:101A800016D0806925EA00000004000C12D0002066
:101A9000B84211D1002044F8300F20216173A073A7
:101AA000216941F02001216120730120BDE8F08708
:101AB0004069E7E70120EBE72068012E0AD0806942
:101AC00025EA00000004000C06D00020B842C9D06E
:101AD0000020EBE74069F3E70120F7E72DE9F04745
:101AE000984616460D4604464FF000094FF0200A6E
:101AF000C1F3074723E020684069C043400515D47F
:101B00002068016841F40071016021686FF4806011
:101B10004861C4F8309084F83DA084F83E90216C70
:101B200041F00401216484F83C9021E0701C06D04F
:101B3000FEF70CFFA0EB0800B04203D816B1012F4E
:101B40001FD021E02068012F15D0806925EA000010
:101B50000004000C18D000BF44F8309F84F80DA09A
:101B600084F80E90216941F02001216184F80C90E5
:101B70000120BDE8F087406925EA00000004000C60
:101B8000EAD12068406901E02068806925EA000008
:101B90000004000CAFD1ECE770B516460D460446C4
:101BA0001EE02046FFF7C0FE08B1012070BD681C92
:101BB00016D0FEF7CBFE801BA84200D885B920685E
:101BC0004069C04300060BD5002044F8300F2021A7
:101BD0006173A073216941F0200121612073E4E762
:101BE00020684069C0430006DBD4002070BD0000BF
:101BF0007CB501F0C3FD37480090002301224FF46B
:101C00007A7135A004F088FE354C00230122E06192
:101C100034480090642134A004F07EFE2062344AEF
:101C20000021344801F078FE0421E06200220846D9
:101C300004F051F96062012004F042F9A0622046EC
:101C40001824CDE900404FF4007500232A462AA14C
:101C50002D4804F07BFC22486E10001DCDE90040A9
:101C60000023324629A12D4804F070FC1C480023B3
:101C70000830CDE90040324629A12E4804F066FC28
:101C8000174800231030CDE9004032462AA12F48E2
:101C900004F05CFC124800231830CDE900402A46CD
:101CA0002BA12F4804F052FC0D4800230C30CDE945
:101CB000004032462BA1304804F048FC084800237D
:101CC0001430CDE9004032462CA1314804F03EFCEE
:101CD0007CBD0000C136000854696D65723100009A
:101CE00010000020AD04000854696D6572320000D8
:101CF000406A0008B533000853686F7754696D6512
:101D00005461736B00000000C12F000853686F77A7
:101D10004D656E755461736B000000006D280008FE
:101D200053686F7743616C656E6461725461736B65
:101D300000000000C120000853686F77466C617393
:101D4000684C696768745461736B00006D27000804
:101D500053686F7744485431315461736B0000000D
:101D6000CD25000853686F77436C6F636B54696DC2
:101D7000655461736B0000002124000853686F777D
:101D800053657474696E675F5461736B0000000083
:101D9000952C0008F0B585B00025354800950195D3
:101DA00002950395816941F010018161816901F01B
:101DB00010010491816941F020018161816901F084
:101DC00020010491816941F004018161816901F080
:101DD00004010491816941F0080181618069254E07
:101DE00000F008004FF400540490002221463046D1
:101DF000FEF7A7FD204F002202213846FEF7A1FD85
:101E000000940124CDE90145022569463046039539
:101E1000FEF7A2FC1120CDE9005069463846CDE915
:101E20000245FEF799FC40F6034000901348CDE9C7
:101E3000010469461248FEF78FFC002205210620A6
:101E4000FEF7BAFF0620FEF7AAFF002205210720B1
:101E5000FEF7B2FF0720FEF7A2FF0022052128208F
:101E6000FEF7AAFF2820FEF79AFF05B0F0BD00009C
:101E70000010024000100140000801400000111055
:101E8000000C01400D4810B50B4901600C49416040
:101E900000214FF480428160C0E9031241618161F9
:101EA000C1610162FEF758FD002803D0BDE8104073
:101EB000FEF7CDBB10BD00000054004064050020BB
:101EC000801A060010B586B00024194800940194C9
:101ED00002940394049415490594016041F61F414E
:101EE000C0E9011442F20F71C1604FF48071C0E982
:101EF000041480218161FFF771FA08B1FEF7A7FB96
:101F00004FF48050009069460948FFF7F1FA08B194
:101F1000FEF79DFB049404A905480594FFF7FCF91E
:101F2000002801D0FEF793FB06B010BD002C014045
:101F3000B8050020FEE7FEE7010004484FF000016D
:101F4000006801D0FFF75EBCFFF7AABCC400002008
:101F500070B58CB01C216846FEF743FA4FF48070D0
:101F60000225CDE90705002407A91048CDE9094558
:101F7000FEF7F2FB0F4E0E484722316815C140F2C2
:101F8000E732E1E80224802261E8044201F07CFAB1
:101F900060200090049440F2F310CDE90105002286
:101FA00069463068FFF7C7FB0CB070BD0008014000
:101FB000002C0140C40000202DE9F04188B0884683
:101FC00006461C216846FEF70CFA1A4C00212068D0
:101FD000FFF766FC2068FFF7D3F920681649002553
:101FE00001604721C0E90115144F97FBF6F1491E26
:101FF000C0E903158021C0E90551FFF7EFF9602022
:1020000000900220029097FBF6F0401E00FB08F0C3
:10201000642190FBF1F0049501900022694620684C
:10202000FFF789FB00212068FFF7ECFB08B0BDE853
:10203000F0810000C4000020002C014040420F004D
:1020400070B5124C12A3A4F12805208882B2A8888A
:1020500081B2124802F0A6FBA08811A382B2A88820
:1020600081B20E4802F09EFB208910A382B2A8889C
:1020700081B20A4802F096FBA0890FA382B2A88819
:10208000BDE8704081B2054802F08CBB1405002009
:102090007468616E6B20796F750000003C4700200A
:1020A000666F6C6C6F77696E670000006D792070E9
:1020B000726F6A6563740000406D6F79696A6900C8
:1020C000D2B001F05BFB00220421012003F003FFEA
:1020D0006F49086020B1012251036E48FEF731FCC0
:1020E0006D4B6E4A6E4901A802F05AFC01A803F03C
:1020F0003CF9002101A803F048F901A802F0DBF83F
:10210000684901A802F004FC01A802F0EAFB602281
:10211000654926A8FEF709F963491822603146A8E7
:10212000FEF703F960480DF1FC0C78300FC88CE81D
:102130000F005D4A43AB883207CA83E807005A495B
:10214000182294314CA8FEF7F0F84FF0000AD04660
:1021500001253FAE01A802F0A5F800240DF58C770B
:1021600004EB4400C31936F81410082201A802F049
:1021700019FB641C062CF3DD284601F065FB814643
:102180004FF4FD6001F012FB012384B2072209E045
:10219000184601F059FB204490FBF2F102FB1100BC
:1021A00084B25B1CAB42F3D30127C4F1070B1BE0E5
:1021B0000720B4FBF0F100FB1140641CBB4501D3C8
:1021C000002103E018B908F10101C9B2884607EB04
:1021D000470226A9531843A931F8182036F81010E1
:1021E00001A802F0DFFA7F1C4F45E1D93E2073239E
:1021F00000900022194601A802F0F0F90AEB4A010A
:1022000026A80B182022752101A8DB1C02F0CAFAAF
:102210004CA90B2331F81A103F2201A802F038F91B
:1022200001A802F05EFB1A484FF0FF323EA9006899
:1022300003F0FAFF9DF8F800012814D1642140F65C
:10224000C41001F083FA0AF1010000F0FF0A6D1CCE
:10225000BAF10B0F01D94FF0000A0C2D00D901255E
:1022600000208DF8F8009DF8FB0001287FF472AF84
:10227000642140F6C41001F069FA0C48006803F0CC
:10228000C1FC002003F040FD00208DF8FB0061E759
:102290003400002000100140555200082D54000861
:1022A000BCE20008BA7D000854EA000814000020CF
:1022B0002DE9FC4752A31E220021534802F072FA76
:1022C000524D53A33C22A87000214F4802F06AFAF5
:1022D000DFF84481E870002405F10E0905F10A06D3
:1022E00005F11E0705F1160A39F8141008EBC100B4
:1022F000E988CDE9001037F81400A978328808443D
:1023000081B2AB88404802F05BFA3AF8141008EB4F
:10231000C100E988CDE9001037F81400E978728827
:10232000084481B2AB88384802F04AFA641C042C95
:10233000DADB394CE8885034CDE900047889A97893
:102340003288084481B2AB882F4802F039FA04F190
:102350000800E988CDE900103889A9783288084456
:1023600081B2AB88284802F02BFAE888CDE9000456
:102370007889E9787288084481B2AB88224802F0F3
:102380001FFA0F2416231F2268211F48009401F012
:10239000C3FF17231F2268211B48009401F0BCFFD4
:1023A00001231F2268211848009401F0D5FF2889D5
:1023B0001A49C0EB001001EBC0002821CDE9001044
:1023C00014230C225E21104802F0FAF9E888C01CA0
:1023D00080B20090A88895F90110801C83B23088E3
:1023E000801E82B209482A3030F81110A878401EA9
:1023F000084481B2044801F0CFFFBDE8FC8700002B
:102400005365743A000000003C470020B8040020E7
:102410005265743A00000000C0E9000898E4000822
:102420001CB501F0ABF900220421012003F053FD9B
:10243000DFF87091C9F8000020B1012251035A4819
:10244000FEF77FFA594B5A4A5A495B4802F0A8FAFC
:10245000594802F08AFF0021574802F096FF56487B
:1024600001F029FF5549544802F052FA544D554F96
:1024700005F108080026A5F10E0440F6C41A4E48DE
:1024800001F010FFFFF714FF4B4802F02AFA207802
:1024900030B94FF0FF3201A9D9F8000003F0C4FEB3
:1024A0009DF8040001280AD16421504601F04EF93C
:1024B0006078401C40B26070042800DD66709DF8B2
:1024C000050001280BD16421504601F03FF96078E6
:1024D000401E40B26070002801DA042060709DF850
:1024E0000600012811D16421504601F02FF994F91A
:1024F000010004280ED035F81010491C89B225F8C7
:102500001010092901D925F810609DF8070001284D
:1025100011D023E038680028F7D004F07DF8024697
:10252000009600230121386804F040FA0120207051
:102530008DF80660E9E76421504601F007F926703E
:10254000002300961A460321386804F02FFA1E482B
:10255000006803F057FB002003F0D6FB2078012829
:102560008DD12988B8F800204046914287D16988EA
:102570004288914283D1A98882889142F0D1E9882A
:10258000B8F806008142EBD12670002300961A4667
:102590000321386804F00AFA4FF47A71504601F0CA
:1025A000D5F86CE7340000200010014055520008B7
:1025B0002D540008BCE200083C470020EC830008D2
:1025C000C60400203000002014000020B0B0FDF749
:1025D00093FF01F0D3F800220421012003F07BFCDB
:1025E000564D286020B1012251035548FEF7A9F944
:1025F000544B554A554902A802F0D2F902A802F0FC
:10260000B4FE002102A802F0C0FE02A801F053FEB1
:102610004F4902A802F07CF902A802F062F91424E2
:1026200018224C4927A8FDF780FE4FF00A0B02A89C
:1026300001F038FE2FA92EA8FDF77AFF10B1FDF7A3
:102640005BFF53E02F98594690FBF1F20BFB120A07
:1026500090FBF1F090FBF1F20BFB1207DDF8B820D4
:10266000002027AB53F82060964200DA3446401C25
:102670000528F7DB92FBF4F004FB102992FBFBF03A
:1026800090FBF4F104FB1108C7EB0710324F28262A
:1026900007EBC000CDE9006014231A460A2102A806
:1026A00002F08EF8CAEB0A1007EBC000CDE900601B
:1026B00014231A46232102A802F082F8C8EB08105E
:1026C00007EBC000CDE9006014231A464B2102A895
:1026D00002F076F8C9EB091007EBC000CDE9006005
:1026E00014231A46642102A802F06AF80F221BA3E1
:1026F000114602A802F056F81AA30F22552102A88B
:1027000002F050F802A802F0ECF800222DA9286887
:1027100003F08AFD9DF8B700012888D1642140F6B6
:10272000C41001F013F81048006803F06BFA0020A1
:1027300003F0EAFA00208DF8B70078E734000020B3
:1027400000100140555200082D540008BCE200085A
:10275000EC83000834EB000898E4000874656D70A1
:102760000000000048756D0014000020A8B001F0C2
:1027700005F800220421012003F0ADFB334C20605A
:1027800020B1012251033248FEF7DBF8314B324AC7
:10279000324902A802F004F902A802F0E6FD002185
:1027A00002A802F0F2FD02A801F085FD2C4902A862
:1027B00002F0AEF82B4E1E27CDE900763B461022E4
:1027C000302102A801F0FCFF02A802F08AF80025DF
:1027D0004FF0FF3840F6C41902A801F063FD4246ED
:1027E00027A9206803F020FD9DF89E0001281AD13A
:1027F0006421484600F0AAFF15B1012D13D109E06C
:102800004020002200908023114602A801F062FDC2
:10281000012508E0CDE900761E231022302102A810
:1028200001F0CEFF00259DF89F0001280AD1642108
:10283000484600F08BFF0C48006803F0E3F90020E5
:1028400003F062FA02A802F04CF8C5E73400002059
:1028500000100140555200082D540008BCE2000849
:1028600026BA000848E900081400002086B000F0ED
:1028700085FFD248006820B101225103D048FEF7FD
:1028800060F802F043F9CF4E306818B14FF0FF31D5
:1028900003F066FDCC4801F0B9FFCB4802F021F807
:1028A000C94801F0FFFF0028F7D1306850B100237C
:1028B0001A46194603F0AAFB306818B14FF0FF31F1
:1028C00003F04EFDC04801F0EDFC00F0A3FCBE4853
:1028D00002F007F8306820B100231A46194603F0C9
:1028E00095FBBA4CA06830B9B4484FF0FF32694646
:1028F000006803F099FCB64DB64F05F1980007F15A
:10290000980BB64AB6499DF800C09C359C37B24B2F
:1029100002F1980901F19808CDE904579C319C32E5
:1029200003F1980A9C33CDE9021201270025019397
:10293000BCF1010F1AD09DF8011001296ED09DF84D
:10294000030001286BD09DF802000128B4D1642156
:102950004FF4FA6000F0FAFEA248006803F052F962
:10296000002003F0D1F98DF80250A5E7E560217849
:10297000002965D0022102F043FF0221584602F0EF
:102980003FFF0221504602F03BFF0221484602F081
:1029900037FF0221404602F033FF607800B96770CC
:1029A0006078401EC0B260702178012912D00229DF
:1029B00004D0032934D0042942D11EE068B3012198
:1029C000049802F03CFF0121059802F038FF012134
:1029D000019830E008B30121049802F030FF012192
:1029E000029802F02CFF0121059802F001FF01215D
:1029F000DDF8040002F0FCFE22E070B10121039832
:102A000002F01DFF0121019802F019FF0121029837
:102A100002F0EEFE01210498ECE711E025E0AEE0C3
:102A200070B10121019802F00AFF0121059802F01E
:102A300006FF0121029802F0DBFE01210398D9E78D
:102A4000A068401CA06014287ED10A206070E76056
:102A5000207820B1401E20706068401E6060A56034
:102A60008DF800508DF8015072E0E560217804295E
:102A700065D2022102F0C0FE0221584602F0BCFEDF
:102A80000221504602F0B8FE0221484602F0B4FE90
:102A90000221404602F0B0FE607800B967706078AD
:102AA000401EC0B26070217831B1012914D00229D2
:102AB00024D0032943D131E0F8B10121019802F07B
:102AC000BEFE0121059802F0BAFE0121049802F031
:102AD0008FFE012102980EE078B10121019802F0E9
:102AE000AEFE0121039802F0AAFE0121059802F032
:102AF0007FFE0121049802F07BFE20E0F8B1012165
:102B0000039802F09CFE0121029802F098FE012138
:102B1000019802F06DFE01210598ECE778B10121E2
:102B2000029802F08CFE0121049802F088FE012137
:102B3000039802F05DFE01210198DCE704E0A06843
:102B4000401CA060142809D0E06801287FF40DAF74
:102B500064214FF4FA6000F0F9FDADE60A206070E0
:102B6000E7602078042804D2401C20706068401C74
:102B70006060A5608DF801508DF80050E8E7642191
:102B80004FF4FA6000F0E2FD20780528E5D2DFE896
:102B900000F003050F111300134800E0134800680C
:102BA00003F030F8002003F0AFF88DF8035083E60F
:102BB0000F48F4E70F48F2E70F48F0E73400002031
:102BC00000100140380000203C4700205C04002039
:102BD00014010020BC010020640200200C0300202E
:102BE000B403002010000020180000202000002066
:102BF000280000201C000020240000202DE9F843BC
:102C0000DFF884801F4EDFF884900024A8F11405BB
:102C100004EB840006EB400338F824001F4682B220
:102C2000288881B21A4801F0BDFD07F10A01184851
:102C300001F01AFE49F82400641C052CE8DBA88981
:102C4000114C80B20090104824343C3000210088A0
:102C500083B2208882B20E4801F09EFB0C200090C7
:102C60002088052382B23021094801F033FB3F2040
:102C70000090052300223021054801F08DFBBDE8BE
:102C8000F883000000EB000800050020D04700207A
:102C90003C47002086B000F071FD04210022084668
:102CA00003F019F9974E306020B101225103964884
:102CB000FDF747FE01F02AFF9449954801F028FEF0
:102CC000934801F0A3FD00BFFFF798FF904801F083
:102CD00008FE8F4801F0E6FD0028F5D18D4D8E4F9E
:102CE000002400BF04EB840005EB400188480A3152
:102CF00001F0BAFD47F82400641C052CF2DB874D77
:102D0000DFF81C8205F11400A5F11807049007F103
:102D10001400039005F10800029007F1080005F186
:102D20000C0B07F10C0A4FF00009A5F150040190BB
:102D3000774801F0B7FAA068052817D2DFE800F05D
:102D400003101010140077A319224021704801F0DD
:102D500029FD76A332223D216D4801F023FD05E0D7
:102D6000206900F0EBF801E0FFF76AF9FFF746FF92
:102D7000674801F0B6FDD8F8000028B94FF0FF32DF
:102D80006946306803F050FA9DF80000012804D02D
:102D90009DF8010001284DD090E0D8F80010491CA2
:102DA000C8F80010A06804282DD005282BD2DFE831
:102DB00000F0030B151D2F000122291D574802F0BA
:102DC00023FD0122391D06E001225448029902F038
:102DD0001BFD019901225148183812E00122594681
:102DE0004E4802F011FD01225146F4E74B49012201
:102DF00010314A4802F008FD484901220839A1F182
:102E0000100002F001FDD8F80000142808D046E0B8
:102E100001224248049902F0F7FC01220399DAE703
:102E2000A068042801D0401CA060C8F800908DF86C
:102E300000903EE0D8F80010491CC8F80010A068C7
:102E400048B3052827D2DFE800F026030B131B0048
:102E500001223248049902F0D7FC0122039916E0BE
:102E60000122291D2D4802F0CFFC0122391D0EE060
:102E700001222A48029902F0C7FC0122019906E0CA
:102E800001225946254802F0BFFC01225146234841
:102E9000183802F0B9FCD8F80000142801D040B16D
:102EA0000CE0A06808B1401EA060C8F800908DF842
:102EB0000190642140F6C41000F048FC9DF8020027
:102EC00001280CD1642140F6C41000F03FFC2069B9
:102ED000401C00EBD07121F00101401A20619DF8E7
:102EE000030001287FF424AF642140F6C41000F0F1
:102EF0002DFC1148006802F085FE002002F004FF5E
:102F000016E700003400002000100140646A000849
:102F10003C47002000EB0008D04700203C05002083
:102F2000B4040020406D6F79696A69003230323133
:102F30002F30352F323700001400002038B50446FA
:102F40002823162246211B4801F0A2FA28231A46FC
:102F50004621184801F09CFA0F20BCB1012C14D175
:102F6000009009231F226E21124801F0F5F912A3E7
:102F7000242245210F4801F015FC062009231F22B9
:102F8000462100900B4801F0C7F938BD0090092395
:102F90001F224621074801F0DFF908A322226421FD
:102FA000044801F0FFFB09201F2203466E21009018
:102FB000E8E700003C4700206F6666006F6E000087
:102FC0000EB500F0DBFBDFF80492D9F8000002F048
:102FD0009BFE7F48006802F097FE7E48006802F082
:102FE00093FE7D48006802F08FFE7C48006802F086
:102FF0008BFE7B48006802F087FE7A4B7A4A7B4959
:103000007B4801F0CDFC7A4802F0AFF90021784806
:1030100002F0BBF9764801F04EF97649744801F0A8
:1030200077FCDFF8D4B1754F0BF1200A4FF001089F
:10303000AAF12805386818B14FF0FF3103F090F974
:103040006B4801F02FF96E480A24CDE900400022B8
:1030500017231146664801F0B3FB6A481723CDE9F0
:10306000004000226921624801F0AAFB6878664EA0
:10307000BBF81810C0EB001006EBC00089B2CDE918
:103080000010BBF814005C4683B2BBF8100082B29B
:10309000BBF80C0081B2564801F092FBA878218B56
:1030A000C0EB001006EBC00089B2CDE90010A08A89
:1030B00083B2208A82B2208981B24D4801F080FB20
:1030C000BAF80C2092B2CDE90028BAF80810BAF884
:1030D00000008BB2BAF804108AB281B2444801F001
:1030E000EDFA45483030828992B2CDE90028018955
:1030F0008BB2818800888AB281B23D4801F0DEFA45
:10310000E878218BC0EB001006EBC00089B2CDE956
:103110000010A08A83B2208A82B2A08881B234488B
:1031200001F04EFB2879218BC0EB001006EBC000AC
:1031300089B2CDE90010A08A83B2208A82B22088A9
:1031400081B22B4801F03CFB304CA879082604EBF7
:10315000C000CDE90060062302223821244801F096
:103160002FFB6879062304EBC000CDE90060022242
:1031700042211F4801F024FB1D4801F0B2FB3868D2
:1031800020B100231A46194602F040FFFA2002F04F
:1031900089FC287828B91E48002202A9006803F09B
:1031A00043F89DF80A0001287FF444AF642140F6FB
:1031B000C41000F0CBFAD9F8000002F023FD002083
:1031C00002F0A2FD00208DF80A0033E71400002071
:1031D00020000020240000201C00002018000020F7
:1031E00028000020555200082D540008BCE20008B9
:1031F0003C47002026BA0008D400002038000020F8
:1032000020E400083EE4000898E40008C0E9000853
:10321000340000202DE9FC415D485C4A818989B277
:10322000CDE9001201898BB2818800888AB281B20F
:10323000584801F0C5FA5648574A1030818989B27A
:10324000CDE9001201898BB2818800888AB281B2EF
:10325000504801F0B5FA4E4C5049183C606800EBFC
:10326000800001EB400304F13800818800888AB2B5
:1032700081B2484801F096FA4949A1F11500B0F829
:10328000A42092B2CDE90021B0F8A0108BB2B0F822
:103290009C10B0F898008AB281B23E4801F090FAD2
:1032A0004049A1F11500B0F8A42092B2CDE9002167
:1032B000B0F8A0108BB2B0F89C10B0F898008AB2A9
:1032C00081B2344801F07CFA3749A1F11500B0F819
:1032D000A42092B2CDE90021B0F8A0108BB2B0F8D2
:1032E0009C10B0F898008AB281B22A4801F068FABE
:1032F0002E49A1F11500B0F8A42092B2CDE9002129
:10330000B0F8A0108BB2B0F89C10B0F898008AB258
:1033100081B2204801F054FA2549A1F11500B0F816
:10332000A42092B2CDE90021B0F8A0108BB2B0F881
:103330009C10B0F898008AB281B2164801F040FAA9
:103340000F260096207804F11007E378395CA27804
:10335000104801F001F800250096795DE378A27825
:103360000C4800F0D9FF6D1C052DF5DB0848303006
:10337000818989B2009101898BB2818800888AB2E3
:1033800081B2044801F008F8BDE8FC815CE4000863
:10339000740400203C4700207AE4000820EA00087A
:1033A00029010020D1010020790200202103002002
:1033B000C9030020084C08B5E06948B103F02CF9B6
:1033C00002460020034600900121E06903F0EEFA76
:1033D000012000F04BFAFBE71000002010B5502050
:1033E00080F31188BFF34F8FBFF36F8F03F01AF98B
:1033F00018B104494FF080500860002080F3118814
:1034000010BD000004ED00E030B58FB02821684603
:10341000FCF7E7FF14210AA8FCF7E3FF01210804E9
:10342000CDE900100024029402250491CDE9075053
:103430004FF4E01009906846FDF7DCFD08B172B664
:10344000FEE70F20CDE90A054FF48060CDE90C407E
:1034500002210AA80E94FDF7E1FC002801D072B603
:10346000FEE70FB030BD70470020FEF765BD0000DD
:103470000148FEF7ACB80000B80500200148FEF78F
:10348000A6B8000000060020F0B50268164B174CE5
:10349000174D4FF08047984205D0B84203D0A04264
:1034A00001D0A84203D122F070064A683243984204
:1034B00005D0B84203D0A04201D0A84203D122F4E3
:1034C0004074CA6822434C6922F0800222430260A1
:1034D0008A68C2620A688262984201D109690163FE
:1034E00001214161F0BD0000002C014000040040BA
:1034F0000008004010B501F01F030121046A994043
:103500008C430462016A9A401143016210BD10B5F8
:10351000846842EA032224F47F440A4322438260FF
:1035200010BD826822F070020A4342F007018160F8
:103530007047000030B5036A026A22F0010202629D
:103540004268846924F073050C682C4323F002055B
:103550008B682B430A4DA8420BD123F00805CB689A
:1035600022F440722B434D6923F0040315438A690A
:103570002A434260846149684163036230BD0000B0
:10358000002C014030B5026A036A23F01003036285
:10359000436884690D6824F4E64444EA05248D6890
:1035A00022F0200242EA05120B4DA8420ED1CD684E
:1035B00022F0800242EA05124D6923F4406343EA97
:1035C00085038D6922F0400243EA850343608461EC
:1035D00049688163026230BD002C014030B5036A46
:1035E000026A22F4807202624268C46923F40073A2
:1035F00024F073050C682C438D6843EA05230C4DB9
:10360000A8420ED1CD6823F4006343EA05234D6937
:1036100022F4405242EA05128D6923F4806342EAA3
:1036200005124260C4614968C163036230BD000095
:10363000002C014030B5046A026A22F48052026212
:103640004268C3690D6823F4E64343EA05238D68A5
:1036500024F4005444EA0534064DA84204D14D69CF
:1036600022F4804242EA85124260C36149680164E3
:10367000046230BD002C014010B5036A046A24F0D6
:1036800001040462846924F0F00444EA021423F083
:103690000A020A438461026210BD10B5036A046A1B
:1036A00024F010040462846923F0A00324F470441D
:1036B00044EA023243EA01118261016210BD000056
:1036C00018484178491CCAB200214270092A03D91E
:1036D00041708278521C82708278052A03D98170E9
:1036E000C278521CC270C278092A03D9C17002790B
:1036F000521C02710279052A03D901714279521CC8
:1037000042714279092A03D941718279521C82712E
:103710008279022A03D804D14279032A01D981711E
:1037200041717047CC000020FEE70907090E002810
:1037300004DB00F1E02080F80014704700F00F0077
:1037400000F1E02080F8141D7047000038B50C46E9
:103750000849096800290BD13221FEF72DFC002011
:1037600003460090044822460421006803F01EF935
:1037700038BD0000FC040020C800002008B5FEF79A
:10378000E7FB0548002300901A46C82103A003F078
:10379000C3F80549086008BD69340008537973749B
:1037A000656D536F756E6400C800002030B5054626
:1037B000012802D00023012409E0012030BD204669
:1037C00000F011F801280BD003F26D13641CAC4219
:1037D000F5DB07205B1C93FBF0F100FB113030BDE3
:1037E00003F5B773F2E74FF4C87190FBF1F201FBF8
:1037F000120139B1810707D1642190FBF1F201FB7D
:10380000120008B10120704700207047FDF734FA1C
:10381000FFF7FAFDFEF7BEFAFEF734FBFEF752FBA8
:1038200000F03EF8FEF7E4F900F056F8FEE770B558
:10383000054600244FF47A7603E0304601F0BCFFE1
:10384000641CAC42F9DB70BD0D2809D2DFE800F042
:10385000080B070B090B090B0B090B090B001D20AB
:1038600070471E2070471F207047000010B5EFF30F
:10387000058149B9EFF3108131B908490968022976
:1038800005D1EFF3118111B16FF0050403E00024BD
:1038900008B102F007F9204610BD0000900000209A
:1038A000EFF3058058B9EFF3108040B90949086873
:1038B000022801D030B109E0EFF3118030B16FF090
:1038C0000500704701200860002070474FF0FF306E
:1038D000704700009000002010B5EFF3058060B93C
:1038E000EFF3108048B90B490868022802D001287C
:1038F00006D00BE0EFF3118040B16FF0050010BD72
:103900000220086002F0BCF9002010BD4FF0FF302B
:1039100010BD000090000020F0B585B04FEA010313
:103920004FF00004EFF305810394A1BBEFF3108186
:1039300089BB21490968022902D1EFF3118151BBEA
:1039400048B3802618218DF8104004AD42B31768A3
:1039500007B13D4697691FB139467F1E382F02D205
:103960001779FF0702D0002005B0F0BD576907B1F5
:10397000BE08D2F808C0BCF1000F0DD0D4685C2C92
:1039800018D312693AB137B18DE80610324629468C
:1039900002F009FE03900DE0D7685FB912694AB9D9
:1039A00003AACDE90012B2B2294602F0CFFD0128E8
:1039B00000D003940398D7E7900000202DE9F04150
:1039C000134C0F46054666692068001D01F03BFF59
:1039D000681C07D137B12168BDE8F0410D48091DC9
:1039E00001F080BF20683544B5424560216805D2AA
:1039F000A068BDE8F041091D01F05CBF6068091DC9
:103A000001F058FF206B854200D22563BDE8F081AC
:103A100040000020380B00202DE9F041054601F060
:103A20006DFF2D4C2069401C206120682B4F10B188
:103A3000E06930B32BE025602069012827D10026FA
:103A400006EB860007EB800001F026FF761C382E7F
:103A5000F6D3234801F020FF2148143001F01CFF69
:103A60001F48283001F018FF1D483C3001F014FFBA
:103A70001B48503001F010FF194860601430A060FE
:103A800005E02068E96AC06A884200D82560E06ADB
:103A9000401CE0626864E86AA169884200D9A061BC
:103AA00000EB800007EB8000291D01F01BFF01F0F7
:103AB00045FFE06900280CD02068E96AC06A8842A6
:103AC00007D208494FF080500860BFF34F8FBFF313
:103AD0006F8FBDE8F08100004000002088060020C4
:103AE000E80A002004ED00E038B501F007FF104CB3
:103AF000A068C8B90F4801F0CFFE0E48143001F09D
:103B0000CBFE0C482060143060600A4B0020283344
:103B1000009003F1500210210A2002F000FAA06088
:103B200010B105A101F088FFBDE8384001F006BFE3
:103B30007C0000204C0B0020546D725100000000EE
:103B400030B4026C0B46002A0BD0C1681144C1602E
:103B50004468A14201D30168C16030BC1846FCF73B
:103B60009FBB30BC70472DE9F041856B174604467A
:103B70000026026C82B1C7B1E068FCF791FBE168F6
:103B8000206C091AE1602268914202D26168081A29
:103B9000E060022F16D017E02068A8B9606802F034
:103BA000A5FD0646002060600EE0A068FCF778FBEB
:103BB000216CA0680844A0606168884204D3206832
:103BC000A06001E005B16D1E6D1CA5633046BDE827
:103BD000F08110B5044690F8590058B101280CD076
:103BE00002280FD0502080F31188BFF34F8FBFF30E
:103BF0006F8FFEE7206B01F0B5FE2046BDE8104058
:103C000001F0B0BE10BD000010484FF44051420713
:103C100006D0C01D0D4920F00700411AC1F54051E2
:103C20000B4A00230144C2E900030839103A21F08D
:103C3000070111604B600B600B1AC0E90013936021
:103C40004FF000405360D060704700001C1300200C
:103C5000A4000020144E154CA6F29C474FF080584B
:103C6000DFF84C9012E000BF01F048FEF068C56834
:103C7000281D01F0E8FD2069401E2061E068401E1B
:103C8000E06001F05BFE2846FFF7A3FFE068002834
:103C9000EAD138680128F9D9C9F80080BFF34F8FFD
:103CA000BFF36F8FF2E70000240B002040000020DC
:103CB00004ED00E0002807D00021416001600B46C0
:103CC0000A46C16002F0A2B97047000070B51D46F7
:103CD000049C51B1C4F80020C4E90F010121204621
:103CE00002F050F984F84C5070BD2460F4E72DE9DF
:103CF000F0470E46DDE90984174682469100994651
:103D0000089DA522206BFCF742FB6FF00301206B9E
:103D100001EB8701084420F00707780707D05020FF
:103D200080F31188BFF34F8FBFF36F8FFEE7221828
:103D3000315C82F83410315C11B1401C1028F6D38C
:103D4000002684F84360382D00D33725E562C4E9A6
:103D50001356201D01F0ABFD04F1180001F0A7FD82
:103D60002461C5F138006462A061666584F858601A
:103D70004A465146384600F083FA2060B8F1000FF9
:103D800001D0C8F80040BDE8F0872DE9F0471E4695
:103D9000DDE9089417460D0080460ED0002C14D0A3
:103DA000FFF7A2FEC4F80080C4E90657C4E9086919
:103DB000201DBDE8F04701F07ABD502080F3118846
:103DC000BFF34F8FBFF36F8FFEE7BDE8F0870000B2
:103DD00030B5114900E011460A688242FBD34B68B6
:103DE0005C18844203D14068184448600846436820
:103DF0001C18944209D1084C103C2468A24209D0F6
:103E000052681A4442600A6812680260814200D017
:103E1000086030BD0460F9E7A400002070B50024FC
:103E200041600B4D0061914206D8D11A82699142DE
:103E300006D2011D686807E09A4203D2994201D375
:103E4000012403E0011D286801F034FD204670BD07
:103E50007C00002010B5044601F050FDA06B28B195
:103E60005FF0000401F06AFD204610BD0124F9E76F
:103E700030B589B0304D55E00498002806DADDE908
:103E80000601059A9047049800284BDB069C606960
:103E900010B1201D01F0D7FC02A800F0B9F80246CD
:103EA00004980A283ED2DFE800F00505053D2637D4
:103EB00005053D260598A169034601442046FFF704
:103EC000ADFF00B3616A20468847E069012829D127
:103ED000002000900598A169002342181946204649
:103EE00002F064FD78B9502080F31188BFF34F8F42
:103EF000BFF36F8FFEE70598A06128B181181346C4
:103F00002046FFF78BFF0DE0502080F31188BFF3B0
:103F10004F8FBFF36F8FFEE794F82C0010B9204647
:103F200001F020FD002204A9A86802F07DF9002814
:103F3000A2D109B030BD00007C0000202DE9FC4179
:103F40000F46054601F02EFF01A800F061F8044677
:103F5000019818B102F07EFCBDE8FC81224EAFB1A1
:103F600070680068A8B30027291B3A46B06801F0C2
:103F700077FD02F06FFC0028EED11C494FF0805015
:103F80000860BFF34F8FBFF36F8FE5E7A542EBD813
:103F900002F060FC30682746C068C468201D01F04C
:103FA00052FCE069012810D1A0692B4641193A461C
:103FB0002046FFF733FF40B1002003460146009042
:103FC0002A46204602F0F2FC20B1616A204688476A
:103FD000C2E707E0502080F31188BFF34F8FBFF393
:103FE0006F8FFEE70127BFE77C00002004ED00E0B3
:103FF00006484168096829B14168C968C9684968C3
:10400000016370474FF0FF31FAE7000040000020E5
:1040100070B5054602F000FB064E04463069844246
:1040200003D200F009F8012000E0002028602046BB
:10403000346170BD7C000020F8B5194D1FE0C068E8
:10404000C4680668201D01F0FEFB616A20468847AF
:10405000E069012813D1A0693044B04206D9246137
:104060006060211D286801F025FC08E0002003465F
:10407000014600903246204602F098FC38B128688C
:1040800001680029DBD16968C5E90010F8BD50203E
:1040900080F31188BFF34F8FBFF36F8FFEE70000EF
:1040A0007C00002008484068401C4FF0500080F31E
:1040B000118804D0BFF34F8FBFF36F8FFEE7BFF3BC
:1040C0004F8FBFF36F8FFEE7AC000020002150B18F
:1040D0000A4B42699A420FD1806AA3F128029042AA
:1040E0000AD040B108E0502080F31188BFF34F8F11
:1040F000BFF36F8FFEE7012108467047380B0020A1
:10410000074C2068016841B1C0680021D0F8000068
:10411000FFF714FFFFF7ACFEF3E701210020F7E7FC
:104120007C0000202DE9F041044601F0E7FB94F902
:10413000455004F1240609E0606A48B1304602F0B7
:1041400051FB08B101F0DCFC6D1E6DB2002DF3DCFB
:104150004FF0FF3684F8456001F0F0FB01F0CEFB34
:1041600094F9445004F1100709E0206948B1384639
:1041700002F038FB08B101F0C3FC6D1E6DB2002DDA
:10418000F3DC84F84460BDE8F04101F0D7BB0000E7
:104190002DE9F0410546002701F004FE314E30685C
:1041A00008B9FFF731FDF06805424BD1C5B30835BA
:1041B00068070ED005F00700C0F108000544680745
:1041C00007D0502080F31188BFF34F8FBFF36F8F5C
:1041D000FEE72DB37068854234D82248103001467E
:1041E0000C6801E020460C466168A94202D22168B1
:1041F0000029F7D131688C4224D00768216801601A
:1042000060680837411B10290FD96019420708D090
:10421000502080F31188BFF34F8FBFF36F8FFEE7FD
:1042200010E041606560FFF7D3FD61687068401A77
:104230007060B268904200D2B060F0680143002024
:10424000C4E9000102F006FB780707D0502080F394
:104250001188BFF34F8FBFF36F8FFEE73846BDE87D
:10426000F0810000940000200449086818B1086833
:10427000026D521C02650868704700004000002073
:1042800010B5031F4FF080741C601B1F21F001014B
:104290001960191F024B0B60143940380A6010BDB9
:1042A000A540000801680A7C90F83810406B514323
:1042B000C900FCF774B810B5044600F0A7FA204610
:1042C00000F0F0FA0028FAD12046BDE810400021A5
:1042D00000F010BB2DE9F8438146089C1E461019DA
:1042E00080B20090881983B215468846484600F08F
:1042F000C1FA00280ED00027002C0BD033462A46E6
:1043000041464846009700F0C9F86D1C641EADB2E6
:10431000A4B2F1E7BDE8F8832DE9F8431C468046D6
:104320001019401C80B200900819401C83B2154639
:10433000101B82B20E46081B81B2089F404600F057
:1043400099FA002806D023462A463146404600976F
:1043500000F0FEFBBDE8F8832DE9F8431C468046DB
:104360001019401C80B200900819401C83B21546F9
:10437000101B82B20E46081B81B2089F404600F017
:1043800079FA002806D023462A463146404600974F
:1043900000F070FCBDE8F8832DE9F84F83460A9ED3
:1043A0009A46901980B201EB0A04009015460F4618
:1043B000A3B2584600F05EFA00282FD04FF0000953
:1043C00053462A4639465846CDF8009000F066F824
:1043D000022E23D3B61E360405F10105360CADB20C
:1043E00014D04FF0010833462A4639465846CDF8D6
:1043F000008000F053F8641EA1B233462A465846A6
:10440000CDF8008000F04AF8A81985B253462A4634
:1044100039465846CDF8009000F040F8BDE8F88FD6
:104420002DE9F041044690F870001F4615460E46EF
:1044300030B1012809D002280CD0032815D10FE093
:10444000E16D20468847284408E0E16D2046884712
:10445000301A09E0E16D20468847281A85B204E049
:10446000E16D20468847304486B22846A4F864604F
:10447000A4F8660039460025204600F0D7FD01006B
:1044800003D0204600F002FD85B22846BDE8F08149
:1044900038B50024009400F001F838BD3FB581B074
:1044A000044690F88C00089900283AD0BDF8100016
:1044B000002836D0012811D9022902D0032907D0BB
:1044C0000CE0BDF80820101A401CADF8080005E00B
:1044D000BDF80C20101A401CADF80C0011F00105BD
:1044E00021D0B4F84810BDF80800814219D8B4F8BA
:1044F0004A10814215D9B4F84E30B4F84C2004A9C2
:104500000DF10C0000F0E4FA00280AD00095206BB1
:10451000BDF81030BDF80C208568BDF808102046A5
:10452000A84705B030BDB4F84C10BDF80C0081426E
:10453000F7D8B4F84E108142F3D9B4F84A30B4F841
:10454000482004A902A8DDE72DE9FF4F81B090F8CB
:104550009270DDF838901D46884606469FB10020CF
:10456000834603984146401C80B2009008EB05004A
:1045700083B23046039A00F07DF900282BD0012445
:104580004FF0000A23E00120EAE700BF99F800009D
:10459000204202D086F8927004E096F8910048B963
:1045A00086F892B00123CDF800A041463046039A28
:1045B000FFF774FF08F101001FFA80F8600010F0A7
:1045C000FF0402D1012409F101096D1EADB2002DD5
:1045D000DCD186F8927005B0BDE8F08F2DE9FF5F61
:1045E0001C460E984FF00009A14201D90B1B00E0B8
:1045F000631A9DB2824201D9131A00E0831A9EB257
:10460000AE420AD92B4635461E460B4611461A467F
:10461000234604464FF001091846A14205D90B462E
:1046200021461C461346024618464FEA550890425A
:1046300001D9012001E04FF0FF308246A4F57F4010
:104640009346FF3801D1641EA4B20F4618E000BFA4
:10465000B9F1000F18D03A465946009800F017F803
:10466000A8EB060000B25FEA000807D50BEB0A00D2
:104670001FFA80FB08EB05000FFA80F87F1CBFB221
:10468000A742E5D9BDE8FF9F5A463946E5E708B598
:10469000B0F84C30934210D8B0F84E3093420CD959
:1046A000B0F848308B4208D8B0F84A308B4204D971
:1046B000002300930123FFF7F1FE08BD2DE9FF4F12
:1046C00083B01F46DDE910A402EB0A06B0B2CD1993
:1046D000009090468946ABB2039800F0CBF80028D2
:1046E0005CD009EB04001FFA80FB08EB040081B2E8
:1046F000281B401E85B2301B401E80B2CDE901014F
:1047000002200A460090234659460398FFF724FEEC
:1047100001200090DDE9022023462946FFF71CFE18
:104720000420009023465946019A0398FFF714FE8F
:104730000820009023462946019A0398FFF70CFEB3
:104740000BF101011FFA81FB0299381B491C001B68
:1047500080B289B20291032811D3801E86B2601CF8
:1047600085B233464246594600950398FFF7B2FD9D
:10477000334600955946019A0398FFF7ABFDAAEB23
:104780000400001B80B2032808D3801E80B2009072
:10479000DDE902203B464946FFF79CFD07B0BDE836
:1047A000F08F000030B4024C446030BC00F00CBB11
:1047B000F153000838B501240094FFF76FFE38BDAF
:1047C0002DE9F84F8246DDE90A57D81DC0F3CC0821
:1047D000501980B21C460090081983B216468946CB
:1047E000504600F047F800280ED00BE02346324632
:1047F000494650460097FFF7A7FE761C6D1E4744BA
:10480000B6B2ADB2002DF1D1BDE8F88F10B50446B7
:1048100090F8930010B12046FFF744FD2046BDE814
:104820001040002100F066B870B5044600F0FEFBB1
:10483000010016D0204600F03CFC04F1600094F822
:104840007A10054600F0FDFA84F8900014F87B1FFA
:10485000284600F0F6FA61782846BDE8704000F07E
:10486000F0BA002070BD0000014A426000F0FEBCBA
:10487000F153000870B50D461E460446B0F84E10C0
:10488000B0F84C00049B00F02EFC002809D0B4F8CE
:104890004A10B4F8480033462A46BDE8704000F09C
:1048A00022BC70BD70B5044600F0ADFC94F8390030
:1048B00094F838100844C5B22068407CA84204D857
:1048C000204600F05AFD002070BD94F8930010B10E
:1048D0002046FFF7E7FC2946204600F00BF80120B0
:1048E00070BD10B5044600F08EFC2046BDE81040B7
:1048F00000F043BD10B5044680F83910006B016824
:1049000020468847206B41682046BDE81040084794
:1049100010B50446806D884209D004F17400A16589
:1049200000F03CFC2046BDE8104000F055B810BD3A
:104930000149C165704700003F4E00080021A0F802
:104940005010A0F854104FF6FF71A0F85210A0F8C4
:104950005610016B4968084770B504460025049855
:10496000A565E362616384F8382084F8395084F8DF
:104970006D5084F8915084F88D50012184F8921084
:1049800084F8931020630168204688472046FFF78B
:10499000D5FF2046FFF7CCFF84F8705070BD0000B3
:1049A0007CB50C46009313460546084A084900F0BA
:1049B000F4FC01A800F0ECFB0146064B00949DF8C6
:1049C00004202846FFF7C8FF7CBD000049550008B9
:1049D000715600080151000810B5816D00291AD0E8
:1049E00090F9813080F88E3090F9822080F88F2005
:1049F00090F88D1000290ED001290DD090F97E403D
:104A000090F980100C449C4201DD80F88E408A426F
:104A100001DD80F88F1010BD90F983108B4201DA10
:104A200080F88E1090F98410F1E72BB1012B05D09E
:104A3000022B06D0104402E0084400E0801A80B245
:104A40007047401AFBE72BB1012B05D0022B06D093
:104A5000401A02E0104400E0084480B27047801A17
:104A6000FBE738B50446B0F856000090B4F8523071
:104A7000B4F85420B4F850102046FFF7FBFE18B3EA
:104A8000012084F88C00B4F84810B4F8500081423A
:104A900001D2A4F84800B4F84A10B4F85200814298
:104AA00001D9A4F84A00B4F84C10B4F8540081427B
:104AB00001D2A4F84C00B4F84E10B4F8560081426C
:104AC00001D9A4F84E0038BD002084F88C0038BD10
:104AD00030B504880D882544ADB2AC4205D99C425E
:104AE00002D25D1EADB200E014469C4201D2954256
:104AF00001D8002030BD944200D214469D4200D916
:104B00001D460480281B0880012030BD10B50B4BCA
:104B10000B4A0C490C48FFF743FF0B4800F025FCFB
:104B20000021094800F031FC0748FFF7C4FBBDE84D
:104B3000104006490448FFF7EBBE0000555200083C
:104B40002D540008BCE200083C470020F075000826
:104B50002DE9FF4FC3F1010083B006B258429146E0
:104B6000DDF840A040008B4601271C46CDE9009AA5
:104B700000250FFA80F85B462246294615E0002EF4
:104B800008DB08F102000FFA80F8641E06EB08004B
:104B9000A4B206B26D1CBF1C3FB2CDE9009AADB203
:104BA000F01906B25B4622462946039800F005F844
:104BB000A542E4D307B0BDE8F08F2DE9FF4F83B0E5
:104BC0000E46DDE9108703EB060002901546A8EBC0
:104BD0000600019003EB05001C46F907A8EB050B46
:104BE00000900DD002981FFA8BF281B20398FFF764
:104BF0004EFD019882B2009881B20398FFF747FDFD
:104C0000B907A4EB060AA4EB05090DD51FFA8BF230
:104C10001FFA8AF10398FFF73AFD01981FFA89F10C
:104C200082B20398FFF733FD08EB0504390708EB60
:104C300006050BD50298A2B281B20398FFF727FDB3
:104C40000098AAB281B20398FFF721FD78070ED52C
:104C5000A2B21FFA8AF10398FFF719FD039807B073
:104C6000AAB21FFA89F1BDE8F04FFFF710BD07B0F7
:104C7000BDE8F08F2DE9FF4FC3F1010083B006B20C
:104C800058429146DDF840A040008B4601271C4663
:104C9000CDE9009A00250FFA80F85B4622462946A6
:104CA00015E0002E08DB08F102000FFA80F8641E00
:104CB00006EB0800A4B206B26D1CBF1C3FB2CDE9E2
:104CC000009AADB2F01906B25B4622462946039817
:104CD00000F005F8A542E4D307B0BDE8F08F2DE958
:104CE000FF4F83B0164610980F46A0EB060B03EB60
:104CF000070001901098DDF84490A0EB070098465B
:104D00005FEAC97103EB060A02F1010507F101042C
:104D100000900FD00198ABB281B21FFA8BF20398CA
:104D2000FFF748FD0098A3B282B21FFA8AF10398F8
:104D3000FFF740FD5FEA8971A8EB0707A8EB0606BD
:104D40000DD5ABB21FFA8BF2B9B20398FFF732FD63
:104D50000098A3B282B2B1B20398FFF72BFD5FEACD
:104D600009700DD50198ABB281B2109A0398FFF784
:104D700021FDA3B21FFA8AF1109A0398FFF71AFDDA
:104D80005FEA49700ED5ABB2B9B2109A0398FFF73B
:104D900011FD109A039807B0A3B2B1B2BDE8F04F6D
:104DA000FFF708BD07B0BDE8F08F38B5C58F049C8C
:104DB0000094521BC46A92B2A04738BD38B5049C17
:104DC0000094FFF7F2FF38BD2DE9F0471C469146ED
:104DD0008846064600F0ECFC00254FF6FF77726827
:104DE0002178304690470346B84225D0641CA3F58D
:104DF0007F40FE38F3D04A4641463046FFF710FB6D
:104E000096F8701031B1012907D0022908D0032982
:104E10000FD10AE008EB000104E009EB000106E015
:104E2000A8EB00011FFA81F803E0A9EB00011FFACB
:104E300081F9284485B2D2E72846BDE8F0870020F2
:104E4000704710B50C4600F006F80122641EA2401F
:104E5000801A40B210BD30B50568047B2A78E24064
:104E60006318DBB2082B09D36D1C05602D78C4F1E3
:104E70000804A5401543083BEAB2DBB201248C408C
:104E8000641E14400373204630BD00002DE9F84332
:104E9000054600F1600400F00CF915F96B6F20462F
:104EA000E97BFFF7CEFF8146297C2046FFF7C9FF4B
:104EB0000746697C20466B3DFFF7C3FF804694F9A7
:104EC0000A00002857DDF019404247B2237CA08831
:104ED0003A464946FFF7A9FDA080237C3A46E08880
:104EE0004946FFF7B0FDE080A188277C02460B46CB
:104EF00037B1012F0AD0022F40D0032F0FD146E047
:104F000094F90A7030443B449BB207E0891B491C6A
:104F100094F90A705B1C89B29BB2384480B200904D
:104F20002846FFF7A7FC30B30020207284F8090060
:104F300095F876102046FFF78EFF814695F877109A
:104F40002046FFF788FF074600224946284600F022
:104F500027F801223946284600F022F80121204690
:104F6000FFF779FF0028EFD194F90900B042DFDBA9
:104F7000A07B85F892004046BDE8F88394F90A705A
:104F80005B1CC91B491C89B29BB2921B04E094F9BB
:104F90000A7033449BB2D21B521C92B2401CBDE734
:104FA0002DE9F74F84B00D46049C94F8687094F88E
:104FB00069806034A07AC01BC6B20196B54200D2A7
:104FC00001954FFA88F279B2A088B4F806B0237C34
:104FD00092468946FFF729FD0290237C52464946B6
:104FE0005846FFF730FD0246069808B1A17B02E063
:104FF000607B50B9E17B049880F89210207C00908F
:10500000DDE901310498FFF749FAB54207D3A81B3F
:10501000C5B208F10100002700F0FF08CAE77819BF
:10502000207284F8098007B0BDE8F08F70B50D4696
:105030000146806D1730FF2D10D8612D02D3B1F8D5
:10504000881003E0412D02D3B1F88610084441785E
:1050500019B30278AA42F9D1801C70BDB1F88A1048
:105060000C1826460021304600F019F804440221AD
:10507000304600F014F8361DA842F3D34FF6FF7205
:10508000207802EA00216078084306D0A84201D1C6
:10509000E01C70BDA0780444F2E7002070BD084415
:1050A0004FF6FF720178407802EA0121084480B28D
:1050B000704730B5054600F160040166002020739A
:1050C00015F8781F2046FFF7C6FEA07269782046C3
:1050D000FFF7C1FEE072A87EA07310B10020E0735C
:1050E00030BD0120FBE78A4205D2834201D89A42B3
:1050F00003D9012070478342F9D80020704700008F
:10510000F0B502F007060124B440002590F892E0C3
:10511000E7B2DDF814C02C46BEF1010F01D83D46C0
:1051200000D03C46076822F00702BCF1000F3F7C2C
:1051300007FB02F7BAB2476B3A44114409D1087829
:105140005B1E284360401B0401F8010B1B0CF6D1C9
:10515000F0BD0A78761C2A436240A3F101030A706D
:1051600016F007069BB206D06A06150E6206140EEC
:10517000002BEED1F0BD428F114490F89220012A0D
:1051800003D800BF4FF00105F2D04FF00104EFE764
:1051900008210170004870471C43002070B5054687
:1051A00008782870487868708878A870C878E8709F
:1051B000087928714879687188790C46A871E07976
:1051C000E871207A2872607A6872A07AA872E07A10
:1051D000E872207B2873607B6873A07BA873E07BF8
:1051E000E873207C287411212046FFF758FF68825D
:1051F00013212046FFF753FFA88215212046FFF711
:105200004EFFE88270BD2DE9F843064690F83870ED
:1052100090F83950006800244FF6FF7890F811900C
:10522000316830462A460B7C716B04FB03FC1FFA85
:105230008CFC08EACC0C61440091002100F086F857
:10524000641C6D1CE4B2EDB2BC4201D24D45E7D303
:10525000BDE8F88310B51046282905D0292901D0CA
:10526000002010BDFBF7F6F9012010BD2DE9F04735
:105270000546002085F86A0088466FF03F062846FC
:1052800000F096FA002427464FF6FF794FF6FE7A93
:105290006A6898F8001028469047014648450FD0A4
:1052A00008F101085145F3D02846FFF7BDFA87B24F
:1052B00016F1400F01D195F99060E01984B2E7E74B
:1052C00095F96A1049B1E01B084495F99010002E39
:1052D000084484B201DDA01984B22046BDE8F087FD
:1052E000F0B590F838204FF6FF75036805EAC20163
:1052F0008187197C05EAC101418790F8394005EAA8
:10530000C401C1875E7CA718B74201D9321B92B293
:1053100005EAC20220F8401F11444180998A818029
:10532000D98AC180F0BDFFF7DBBF0021A0F848108B
:10533000B0F84410A0F84A10B0F84010A0F84C1093
:10534000B0F84210A0F84E10FFF78BBB1CB58DF8DB
:1053500005108DF80620049C8DF80430009401227D
:1053600084686B460F21A0471CBD30B484680023BD
:10537000A44630BC1A460A21604730B48468002332
:10538000A44630BC1A461021604730B4846800231C
:10539000A4460A4630BC0B2160472DE9F041154672
:1053A0000E460446069F00F009F86761A660C4E94E
:1053B00003532046BDE8F04100F012B8002140F848
:1053C000081B064A026042608260C260C176817733
:1053D0000161FF21017780F82010704775570008A0
:1053E00030B484680023A44630BC1A4609216047C3
:1053F000080001D00A2801D14FF6FF70704730B481
:1054000004690023A44630BC1A461921604713B52D
:105410000122046901AB1721A0471CBD30B4046907
:105420000023A44630BC1A461821604738B5154CF5
:10543000182918D004DC142922D0172904D105E03A
:10544000192913D020291BD0002038BD0E4907E0B0
:10545000A07813F8015B0D54401C521EA070D2B20C
:10546000002AF5D10CE00020A07009E04FF4807113
:10547000009190F82410A378034A0448FBF730FB0E
:10548000012038BDB80000201C4700206405002022
:1054900030B4C4680023A44630BC1A4619216047C2
:1054A00030B4C4680023A4460A4630BC16216047C5
:1054B00030B4C4680023A4460A4630BC15216047B6
:1054C00030B4C4681346A4460A4630BC172160476E
:1054D000F8B50C464FEA000514F8011B182924D032
:1054E0000EDC152919D0162917D0172923D12078B9
:1054F0008DF800006A4601212846FFF7E1FF0AE027
:10550000192912D0FE2916D122788DF800202921E0
:10551000284600F031F9641CDEE722788DF800207F
:10552000EE6800232846B047F5E70023EE681A46E8
:105530002846B047D0E7F8BD30B4C4680023A4467D
:1055400030BC1A46182160472DE9F041DFF8B080E1
:1055500014460646A1F11402002798F800001D46E3
:10556000062A4AD2DFE802F02F03161B3E4310B191
:105570003046FFF744FF3046FFF750FF002130462A
:10558000FFF745FF21463046FFF741FF012088F82D
:10559000000029E021463046FFF739FF24E050B1F2
:1055A0003046FFF72CFF06E01821304600F0EAF8FD
:1055B000183CE4B21835182C2A46F5D82146304656
:1055C00000F0E0F80EE096F82400FF2802D17820E1
:1055D00086F8240037692B4622463046BC46BDE893
:1055E000F041604788F800700120BDE8F081002894
:1055F000F8D03046FFF703FFF4E70020F5E700009E
:10560000BB00002070B50023456904461A462821D6
:10561000A8470023E5681A4614212046A84701221E
:105620004B21204600F0A8F8206829210279204665
:1056300000F0A2F800224B21204600F09DF82068DF
:1056400029210279204600F097F801224B212046BB
:1056500000F092F82068292142792046BDE8704088
:1056600000F08AB80160897C80F822107047000041
:1056700070B50C46054600F019F888B9092C0BD016
:105680000A2C01D0002070BD2846FFF7BBFF05495A
:105690002846FFF71DFF03E003492846FFF7E2FF16
:1056A000012070BDEEE20008F0E300082DE9F041B2
:1056B0001E46144605460B2908D00D290ED00E298A
:1056C0001ED00F2927D00020BDE8F0811AB128494B
:1056D000FFF7FEFE4AE02649491FF9E74AB124498F
:1056E0000C31FFF7F5FE286890F8130085F82200CA
:1056F0003CE01F49491DFFF7EBFE2868807CF5E779
:10570000FFF71AFF81212846FFF7D2FE21462846DF
:10571000FFF7C6FE27E0FFF70FFF707995F822101C
:1057200001EBC000C7B240212846FFF7C1FE1020A0
:1057300040EA17112846FFF7BBFE07F00F01284685
:10574000FFF7AEFEB07940F0B0012846FFF7A8FEA3
:1057500030793268C006010E2846FFF7B1FE641E9C
:1057600014F0FF04F4D12846FFF792FE0120ABE7C6
:10577000CDE200080020704730B444690023A446FD
:1057800030BC60472DE9F04115460E460446FFF750
:1057900045FE40212046FFF73AFE27692B46324658
:1057A00017212046B8472046BDE8F041FFF727BE45
:1057B000002180F82610704730B50C4A002113688C
:1057C000DC6A4FF47A726043B0FBF2F55A6A586AA9
:1057D0009042FCD002D9A0EB020202E0A4EB02024C
:1057E000024411440246A942F1D330BD0006002014
:1057F00002681144016070470268511A01607047E5
:10580000026811440160704710B503680C68A34238
:1058100005DA9C1804600B689C4200DD0360036895
:105820000C68A34205DD9B1A03600A68934200DA04
:105830000260026809688A4200D1016010BD0268F6
:10584000511A01607047D0E9013201699A60D0E9CC
:1058500001235A604A68824201D182684A6000226C
:1058600002610868401E086008687047034B0360C7
:1058700003F15C000860802010607047640C002019
:10588000044B036003F15C0008604FF4807010600B
:1058900070470000C00E002000F108014FF0FF32F9
:1058A000C0E90112C160016100210160704700215F
:1058B0000161704730B50B685A1C02D000F1080234
:1058C00002E0026904E02246546825689D42FAD944
:1058D00053684B6099608A60516008610168491C97
:1058E000016030BD42684A6093688B60936859607C
:1058F000916008610168491C01607047502080F385
:105900001188BFF34F8FBFF36F8F0A494868401C5F
:10591000486001280CD10848006810F0FF0F07D03C
:10592000502080F31188BFF34F8FBFF36F8FFEE7D6
:1059300070470000AC00002004ED00E00849486812
:1059400028B1401E486001D180F311887047502073
:1059500080F31188BFF34F8FBFF36F8FFEE7000016
:10596000AC00002070B5002827D0144DA0F1080429
:105970006168E868014207D1502080F31188BFF3C5
:105980004F8FBFF36F8FFEE722683AB1502080F34C
:105990001188BFF34F8FBFF36F8FFEE781436160C4
:1059A00000F000FA60686968084468602046FEF705
:1059B0000FFABDE8704000F04DBF70BD94000020AC
:1059C0004FF0E02000210161816105494FF47A72B6
:1059D0000968B1FBF2F1491E41610721016170477D
:1059E0000C00002010B5FAF737FC114910280ED32F
:1059F00000F1E02090F8F0030A78904207D250209E
:105A000080F31188BFF34F8FBFF36F8FFEE7094814
:105A10000068896800F4E060884207D9502080F36C
:105A20001188BFF34F8FBFF36F8FFEE710BD0000EB
:105A3000AC0000200CED00E010B5084B002200BFC8
:105A400053F832401CB1521C082AF9D310BD43F858
:105A5000321003EBC201486010BD00004806002070
:105A600070B515460E460446FFF748FF94F94410FA
:105A70000020491C01D184F8440094F94510491CC8
:105A800001D184F84500FFF759FFA06B28B92A46D9
:105A9000314604F1240000F051F82046BDE8704082
:105AA000FEF740BB10B5020014D00F48806B38B130
:105AB000502080F31188BFF34F8FBFF36F8FFEE745
:105AC00000F070F900211046FDF778FF00F0C2FEEB
:105AD000002807D105494FF080500860BFF34F8F71
:105AE000BFF36F8F10BD00004000002004ED00E008
:105AF00002498A6A0260496941607047400000209B
:105B000001490120486270474000002010B50C4652
:105B100050B1094909681831FFF7CCFE2046BDE8AD
:105B200010400121FDF74ABF502080F31188BFF3D8
:105B30004F8FBFF36F8FFEE74000002070B5144613
:105B40000D4668B10A4909681831FFF7CBFE0CB160
:105B50004FF0FF3521462846BDE87040FDF72EBFC7
:105B6000502080F31188BFF34F8FBFF36F8FFEE794
:105B70004000002070B504003ED0226DA2B1E06C60
:105B8000884200D30146E06A884235D0012A33D1E9
:105B90001A4D2A6894420FD1502080F31188BFF328
:105BA0004F8FBFF36F8FFEE7502080F31188BFF354
:105BB0004F8FBFF36F8FFEE7E162A269002A02DB1D
:105BC000C1F13801A1610E4E00EB8000616906EB66
:105BD0008000814210D1201DFFF735FEE06AA969DF
:105BE000884200D9A86100EB800006EB8000211DEF
:105BF000BDE87040FFF776BE70BD00004000002099
:105C00008806002070B504002AD01A4D2868844206
:105C10002ED0FFF773FE2046FEF758FAE0B1201DA4
:105C2000FFF711FEE06AA969884200D9A86112490C
:105C300000EB800001EB8000211DFFF753FEE06ABE
:105C40002968C96A884207D30C494FF08050086020
:105C5000BFF34F8FBFF36F8FBDE87040FFF76EBE8D
:105C6000502080F31188BFF34F8FBFF36F8FFEE793
:105C700070BD0000400000208806002004ED00E018
:105C800030B587B00024039405AA04A903A804949E
:105C9000FFF7ECFDDDE903010094CDE901100023DD
:105CA00015A11748059A00F07EFC164D0028686380
:105CB0001FD000F04BFE012809D0401C19D1502004
:105CC00080F31188BFF34F8FBFF36F8FFEE7502033
:105CD00080F31188BFF34F8FBFF36F8F4FF0FF300A
:105CE00028630120E8616C6107B0BDE8304000F036
:105CF00093B807B030BD000049444C450000000097
:105D0000553C00084000002070B50446FFF7F6FD42
:105D1000214D04B92C68201DFFF795FDA06A18B12C
:105D200004F11800FFF78FFD211D1C48FFF7DAFD75
:105D300094F858000026012801D184F85860FFF734
:105D4000FDFDE86928B1FFF7D9FDFEF751F9FFF72E
:105D5000F5FD2868844213D1E86990B1A86B38B189
:105D6000502080F31188BFF34F8FBFF36F8FFEE792
:105D70000B494FF080500860BFF34F8FBFF36F8F18
:105D800070BD064800682969884201D12E6070BD47
:105D9000BDE8704000F00EB840000020380B002035
:105DA00004ED00E00248816B491C816370470000EC
:105DB00040000020164810B5816B11B101214162ED
:105DC00010BD002141628169124A01E0B9B1491E4A
:105DD00001EB810352F82330002BF7D001EB810354
:105DE00002EB830202F1080453685B685360A3422C
:105DF00001D15B685360DA680260816110BD502098
:105E000080F31188BFF34F8FBFF36F8FFEE7000061
:105E100040000020880600201CB526490878019023
:105E2000FF20087008788DF800009DF800009DF8AC
:105E3000002000F0F000904207D0502080F311883D
:105E4000BFF34F8FBFF36F8FFEE79DF800001A4B33
:105E500000F0500018700720986005E09DF80020C1
:105E600052008DF80020401E9DF800201206F5D447
:105E70009860032807D0502080F31188BFF34F8F1C
:105E8000BFF36F8FFEE74FF4407098600198087081
:105E90000A48016841F470010160016841F07041F5
:105EA0000160FFF78DFD00205860FAF79FF9002090
:105EB0001CBD000000E400E0AC00002020ED00E08C
:105EC00010B502460021012000F005F80446FDF758
:105ED000F1FE204610BDF8B517460E46050014D059
:105EE000DEB105FB06F05030FEF752F904000AD08F
:105EF000002084F8460004F150023B463146284613
:105F00000094FDF7E3FE2046F8BD502080F3118891
:105F1000BFF34F8FBFF36F8FFEE70020E3E738B585
:105F2000049D18B153B1CAB181B120E0502080F373
:105F30001188BFF34F8FBFF36F8FFEE7502080F3C0
:105F40001188BFF34F8FBFF36F8FFEE7502080F3B0
:105F50001188BFF34F8FBFF36F8FFEE739B1502029
:105F600080F31188BFF34F8FBFF36F8FFEE750248C
:105F70001C46012384F846302B460094FDF7A6FE0C
:105F8000204638BD70B50D46040025D0FFF7B6FC9D
:105F9000D4E90F20216802FB001161600021A16398
:105FA0002168A1600A46D4E90F01401E00FB0121CF
:105FB000E16021464FF0FF3001F8440F487004F1D2
:105FC00010008DB1FFF768FC04F12400FFF764FCBA
:105FD000FFF7B4FC012070BD502080F31188BFF39F
:105FE0004F8FBFF36F8FFEE721690029F0D000F0DB
:105FF000F9FB0028ECD004494FF080500860BFF353
:106000004F8FBFF36F8FE3E704ED00E02DE9FF470B
:1060100082B01D468A464FF00008040003D0BAF152
:10602000000F08D011E0502080F31188BFF34F8F8C
:10603000BFF36F8FFEE7206C38B1502080F31188DA
:10604000BFF34F8FBFF36F8FFEE7022D0AD1E06BD6
:10605000012807D0502080F31188BFF34F8FBFF382
:106060006F8FFEE700F0CAFA3F4F4FF000094FF084
:10607000805648B9049838B1502080F31188BFF396
:106080004F8FBFF36F8FFEE7FFF738FCA06BE16B1C
:10609000884207D3022D05D00498D0B1B8F1000F83
:1060A0001AD01EE02A4651462046FDF75CFD616A83
:1060B00019B104F1240000F095FB20B13E60BFF35C
:1060C0004F8FBFF36F8FFFF739FC012006B0BDE89B
:1060D000F087FFF733FC22E06846FFF709FD4FF039
:1060E0000108FFF72BFCFFF75DFEFFF707FC94F9B3
:1060F0004400401C01D184F8449094F94500401CB0
:1061000001D184F84590FFF719FC04A9684600F016
:10611000E3F930B12046FEF705F800F09BFB0020C4
:10612000D4E7FFF7EBFBA06BE16B884213D1FFF7DD
:1061300005FC04F110000499FFF7E8FC2046FDF788
:10614000F1FF00F087FB00289ED13E60BFF34F8F28
:10615000BFF36F8F98E7FFF7F1FB2046FDF7E2FFF3
:1061600000F078FB90E7000004ED00E02DE9F04737
:106170001F4690468946040003D0B9F1000F08D0AD
:1061800011E0502080F31188BFF34F8FBFF36F8F62
:10619000FEE7206C38B1502080F31188BFF34F8F99
:1061A000BFF36F8FFEE7022F0AD1E06B012807D003
:1061B000502080F31188BFF34F8FBFF36F8FFEE73E
:1061C000FFF710FC5020EFF3118680F31188BFF326
:1061D0004F8FBFF36F8FA06BE16B884206D3022F06
:1061E00004D0002086F31188BDE8F08794F945506B
:1061F0003A4649462046FDF7B6FC681C04D06D1CA3
:1062000084F845500120EDE7606A0028FAD004F1D7
:10621000240000F0E7FA0028F4D0B8F1000FF1D024
:106220000121C8F80010EDE72DE9F747002683B0FB
:106230008A46040003D0BAF1000F08D011E05020C4
:1062400080F31188BFF34F8FBFF36F8FFEE7206C91
:1062500038B1502080F31188BFF34F8FBFF36F8F99
:10626000FEE700F0CBF9DFF8F4804FF000094FF0C3
:10627000805748B9059838B1502080F31188BFF392
:106280004F8FBFF36F8FFEE7FFF738FBA56BC5B1EC
:1062900051462046FDF754FC6D1EA563206950B1A0
:1062A00004F1100000F09EFA28B1C8F80070BFF3A6
:1062B0004F8FBFF36F8FFFF741FB012006B0BDE8A2
:1062C000F087059808B11EB106E0FFF737FB27E01D
:1062D0006846FFF70DFC0126FFF730FBFFF762FD74
:1062E000FFF70CFB94F94400401C01D184F8449062
:1062F00094F94500401C01D184F84590FFF71EFB3E
:1063000005A9684600F0E8F8002820460AD0FDF705
:1063100009FF00F09FFA2046FDF79CFD0028B3D04E
:106320000020CBE7FDF796FD90B104F1240005991C
:10633000FFF7ECFB2046FDF7F5FE00F08BFA002896
:10634000A2D1C8F80070BFF34F8FBFF36F8F9BE7E8
:106350002046FDF7E7FE00F07DFA95E704ED00E04A
:106360002DE9F343002683B00400354609D0206CA4
:1063700078B1502080F31188BFF34F8FBFF36F8F38
:10638000FEE7502080F31188BFF34F8FBFF36F8F6C
:10639000FEE700F033F9DFF83C814FF000094FF0E1
:1063A000805748B9049838B1502080F31188BFF362
:1063B0004F8FBFF36F8FFEE7FFF7A0FAA06BC8B156
:1063C000401EA063206810B9FDF74EFF6060206991
:1063D00050B104F1100000F005FA28B1C8F80070BF
:1063E000BFF34F8FBFF36F8FFFF7A8FA012005B0FF
:1063F000BDE8F083049808B166B10FE03DB15020CC
:1064000080F31188BFF34F8FBFF36F8FFEE7FFF765
:1064100095FA5DE06846FFF76BFB0126FFF78EFA01
:10642000FFF7C0FCFFF76AFA94F94400401C01D161
:1064300084F8449094F94500401C01D184F84590BB
:10644000FFF77CFA04A9684600F046F800282046C9
:1064500012D0FDF767FE00F0FDF92046FDF7FAFCCB
:106460000028A9D09DB3FFF749FA606A50B3206BAA
:106470000068C0F1380126E0FDF7ECFCE0B12068CF
:1064800038B9FFF73BFA606800F070F90546FFF78E
:1064900055FA04F124000499FFF738FB2046FDF774
:1064A00041FE00F0D7F9002886D1C8F80070BFF38C
:1064B0004F8FBFF36F8F7FE72046FDF733FE00F06D
:1064C000C9F979E700216068FFF754FB9FE7FFE710
:1064D00000208CE704ED00E02DE9F0410C460500BA
:1064E00011D0C4B1FFF70AFA174B5A696E682068D9
:1064F000911B471C17D02F689B6A9F4219D0964268
:1065000017D8012410E0502080F31188BFF34F8F7B
:10651000BFF36F8FFEE7502080F31188BFF34F8FDA
:10652000BFF36F8FFEE70024FFF708FA2046BDE8AF
:10653000F081884205D9401A20602846FFF7D8FA32
:10654000F1E700202060DCE7400000202DE9FF5F3C
:106550008346DDE90E87994616468A469000FDF788
:1065600017FE05001CD05C20FDF712FE040014D0BD
:106570000020256384F85900CDE90240CDE9008769
:106580004B46324651465846FDF7B1FB2046FDF7D3
:1065900043FA012004B0BDE8F09F2846FFF7E2F976
:1065A0004FF0FF30F6E7F0B585B0DDE90B640A9DEA
:1065B000A6B1DCB15C2700972663022684F85960F7
:1065C000002604AFCDE90246CDE90057FDF78FFB69
:1065D0002046FDF721FA049805B0F0BD502080F365
:1065E0001188BFF34F8FBFF36F8FFEE7502080F30A
:1065F0001188BFF34F8FBFF36F8FFEE70548C16966
:1066000019B1806B18B1002070470120704702203B
:1066100070470000400000200148406970470000BA
:10662000400000202DE9F0412E4C0027A06B40B126
:10663000206A401C2062606A00B101273846BDE82C
:10664000F0816669761C666113D16068006838B1B4
:10665000502080F31188BFF34F8FBFF36F8FFEE799
:106660006068A1686160A060A06A401CA062FDF73C
:10667000BFFC206BDFF87080864209D36068006839
:1066800080B16068C068C568686886420DD22063C2
:106690002068C06A00EB800158F821000128CAD99F
:1066A0000127C8E74FF0FF30F1E7281DFFF7CBF8CF
:1066B000A86A18B105F11800FFF7C5F8E86AA169E2
:1066C000884200D9A06100EB800108EB8100291D00
:1066D000FFF708F9E86A2168C96A8842CED3012722
:1066E000CCE70000400000208806002070B50400C0
:1066F0004FF0000133D01B4D2868844207D0502052
:1067000080F31188BFF34F8FBFF36F8FFEE7206DCB
:1067100038B1401E2065E36CE26A9A421FD040B156
:106720001DE0502080F31188BFF34F8FBFF36F8FB0
:10673000FEE7201DFFF787F8E06CE062C0F138004B
:10674000A061E06AA969884200D9A861064900EB06
:10675000800001EB8000211DFFF7C4F801210846ED
:1067600070BD0000400000208806002070B50400C5
:106770004FF000002BD0194DE16A2A68D26A91428D
:1067800026D2A069002804DB2868C06AC0F138005E
:10679000A061134E01EB8101606906EB8101884223
:1067A00011D1201DFFF74FF82868C06AE062A9697F
:1067B000884200D9A86100EB800006EB8000211D13
:1067C000FFF790F802E02868C06AE062012070BD1F
:1067D000E16C2A68D26A9142F8D370BD4000002073
:1067E0008806002070B5C068C46854B104F1180070
:1067F0000646FFF728F8144DA86B50B131461348F0
:1068000015E0502080F31188BFF34F8FBFF36F8FD7
:10681000FEE7201DFFF717F8E06AA969884200D952
:10682000A8610B4900EB800001EB8000211DFFF700
:1068300059F8E06A2968C96A884202D90120686269
:1068400070BD002070BD000040000020100B002033
:10685000880600202DE9F0472C4D00242746A86B20
:1068600038B1FFF74BF8A86B401EA863A86B40B186
:1068700046E0502080F31188BFF34F8FBFF36F8F36
:10688000FEE72969224E0120D1B3A6F59169804621
:106890003068E0B1F068C46804F11800FEF7D3FF77
:1068A000201DFEF7D0FFE06AA969884200D9A861DF
:1068B00000EB800109EB8100211DFFF713F8E06A6E
:1068C0002968C96A8842E3D3C5F82480E0E70CB19F
:1068D000FDF78EFB2C6A4CB14FEA0806FFF7A2FECB
:1068E00000B16E62641EF9D100202862686A38B176
:1068F0000849012738070860BFF34F8FBFF36F8F38
:10690000FFF71CF83846BDE8F08700004000002083
:10691000100B002004ED00E02DE9FC4781461E46E7
:106920001746884630200A9DFDF732FC04000AD045
:10693000CDE9005433463A4641464846FDF725FA2C
:10694000002084F82C002046BDE8FC8710B586B0F6
:10695000FDF7CAF8114CA068B8B10020039004906C
:1069600005AA04A903A8FEF78BFFDDE90321222075
:106970008DE8070000230AA10B48059AFFF713FED4
:10698000E06010B106B0012010BD502080F31188E6
:10699000BFF34F8FBFF36F8FFEE700007C00002036
:1069A000546D722053766300014100082DE9FF41C8
:1069B0001E46134602000A9D4FF0000016D0144CEC
:1069C000A768002F0FD0CDE900130292062917DA2D
:1069D000FFF714FE02284FF000030FD00022694693
:1069E000A068FFF713FB04B0BDE8F081502080F3EE
:1069F0001188BFF34F8FBFF36F8FFEE72A46EEE794
:106A00000023324669463846FFF7B0FBEBE700004B
:106A10007C000020010202030405060708090A0B96
:106A20000C0D0E0F1010000000000000000001020D
:106A30000304060708090000000001020304000027
:106A40004CEB000800000000000000000000000007
:106A5000000000000002000018000000000000001C
:106A600000000000BF0203020304010204070D003E
:106A7000FE09FE090001BA03AD0B6F2006EFFCF919
:106A80007F210AEFFC6971DFE19C06220CEFFC49D3
:106A900049988449CE9F002311EFFC999230C90692
:106AA0002DC9062D09939C09240FEFFCD9D2214A48
:106AB000D2358986346703250FEFFC2959526A8D38
:106AC000D3524B2D27012610EFFCB9885116856251
:106AD00094D4B225A7002709EFFC69719DBF012856
:106AE0000DEFFC89699CC6F538CF4900290DEFFCF4
:106AF00049799CC7D538CD89002A0DEFFCB944A14E
:106B0000366C629473022B0CEFFCB9C5E120C639D8
:106B100037002C0AEFFCF9A751CC51002D09EFFCEE
:106B2000F932E87C012E0AEFFCF9B774CD31002F61
:106B30000DEFFCA9711AA7E534CEA9003011EFFCC6
:106B40004962544CC2244CC2248C8A3A0D310CEF59
:106B5000FC69A998C43D0E3A053210EFFC29431494
:106B600026619C86621A0F3B05330FEFFCF1614EE4
:106B7000AB7B9C84D19093003411EFFC89A998647D
:106B8000512DCAA2618D7312003510EFFCF161899D
:106B90002B931657C268C849003611EFFC495B1A9F
:106BA00057262D0993301A721200370DEFFCF16150
:106BB0004ECB699CC639153814EFFC294314266165
:106BC0001246431426611246434E023911EFFC2946
:106BD0004314266192494B5CCD761A003A0CEFFCC7
:106BE000B9A56B4E4ED71C033B0CEFFCB9A56B4E01
:106BF0001DC51C053C09EFFCA9BD77A7003D0BEFA7
:106C0000FCB90F3B65D8B9003E0AEFFC2979D7EEF5
:106C100054003F0FEFFC29431426619C967338A75C
:106C2000014014EFFC2943142661122DA5A4A244AF
:106C3000497DC849004113EFFC4962544CC2244CC1
:106C400086254CC224CC29004213EFFCF1412B6570
:106C500051160D59298BB264D04900430EEFFC291F
:106C6000431426718FD19093004413EFFCF1412B14
:106C70006551166551166551960C3A09450EEFFCA3
:106C8000F16189CB431697879D02460DEFFCF161B8
:106C900089CB4316B793014711EFFC2943142671A2
:106CA000D3122699B4E414004814EFFCF130099390
:106CB00030099361099330099330A700490CEFFC28
:106CC000298318F771D029004A0CEFFC696BDC535B
:106CD00096ED34004B12EFFCF130C9A25A12AA49CA
:106CE0001865A530A7004C0AEFFCF1B89F879D02FC
:106CF0004D14EFFCF13091144949948A524CC2244E
:106D00004CC29C024E14EFFCF13009132D29255181
:106D10005253C2244CC29C024F14EFFC2943142648
:106D2000611226611226611246434E025010EFFC9A
:106D3000F1410A93300993418ADBC9005116EFFCF7
:106D400029431426611226611226A5244AA221CFC6
:106D500011005213EFFCF1410A93300993414AC2EA
:106D6000282B8539055311EFFC29431426713EE485
:106D7000711246434E02540AEFFC298318F73B0D6B
:106D80005514EFFCF1300993300993300993300921
:106D9000A32127015611EFFCF130099330AA455980
:106DA00014AA761A005715EFFCF1300993300993B5
:106DB00044A92889A4484A9853005812EFFCF1309E
:106DC00009A35A148A5116159330A700590EEFFCE7
:106DD00029599455C2248DBBD3005A0DEFFCF161A3
:106DE0004EAB6AF3B053005B0CEFFC91218BFBF3CD
:106DF0009043005C0DEFFC29711EE7E53CCE2900B5
:106E00005D0BEFFC9121EEDF861C025E0BEFFC694F
:106E10006992D5F90B005F09EFFCF9EFC38E0060B2
:106E200009EFFCA13CE7BF01610FEFFC7919F268A3
:106E300050C22493969C026211EFFCF1B865D29285
:106E40003009132D49761200630EEFFC7919A23038
:106E5000898BD19093006411EFFCA97169A9296114
:106E6000122699B4E41400650FEFFC7919A23019C9
:106E700096388C869C04660DEFFC495B294E873062
:106E80006EA7026710EFFC79596A51966DF910856B
:106E9000D110016811EFFCF1B865D292300993303E
:106EA00009730A00690CEFFCD97254EE38E814003B
:106EB0006A0DEFFC597354EE94455936016B0FEF90
:106EC000FCF1B82DAA8D51560A730A006C0AEFFC2A
:106ED00049723F0E3A056D11EFFC7951B2A49494BA
:106EE000925252CA720A006E10EFFCB92793968430
:106EF000499884499853006F10EFFC7919A2300922
:106F0000933009A3212701700FEFFCB927939684D2
:106F1000899624535C06710EEFFC79596A4A98648D
:106F2000D212B700720BEFFCB9275B296EA7027370
:106F30000FEFFC7919A230D2A5301A721200740D2D
:106F4000EFFC59E27408E3B66C27017510EFFCB949
:106F500087499884499864D2925300760FEFFC7960
:106F6000C9A22CCA2A6192E634007710EFFC79C9D5
:106F7000A22C4A4A4929A9253909780DEFFCB9877D
:106F8000515115A3624E017911EFFCB987499884DC
:106F900049262D71124643047A0BEFFCB90F6BD7CB
:106FA00061A7007B0DEFFCB12DAE877A1AD777046D
:106FB0007C09EFFC69717FA7017D0DEFFC913DAE6F
:106FC000E6621ED7760C7E0AEFFC492DA53A7F02B9
:106FD000A006EFFCF97FA10AEFFC6939DCEF340071
:106FE000A210EFFC69E9969492300993DA9AB30102
:106FF000A30EEFFC495B294ED7B896243B09A41099
:10700000EFFCD9C368C8A22CCA8628CC5900A511A8
:10701000EFFCF12CCA2A61920D623888714E04A6E9
:107020000AEFFC69713BDC9D06A711EFFC2131CA18
:107030007231CAA250CFA250A701A80BEFFC295170
:1070400016E5FC1300A915EFFC2943142689D294F8
:107050009492529228C568C84900AA0FEFFC497B58
:1070600036445936E4D0A07301AB11EFFCD9922C11
:10707000C9922C49933449939C05AC0AEFFCF93230
:10708000C8752E00AD09EFFCF932E47C02AE15EFB5
:10709000FC2943142689D2A25494446951C268C879
:1070A0004900AF09EFFC2983CE7F01B00CEFFC490A
:1070B000629445A1CE6F00B10EEFFCD9E27010E3EF
:1070C0001C1C741600B20CEFFCA13489D3F2CE372D
:1070D00000B30CEFFC9139CDC324CDF908B409EF0E
:1070E000FCB134E73F02B511EFFCB98749988449F8
:1070F00098484AA2D46100B614EFFC2983B2444BED
:10710000B4644A9884499884494E02B708EFFCF960
:10711000A4F30DB808EFFCF9DFD210B90AEFFCA117
:10712000546EDDF906BA0EEFFC49629445A10E0ECD
:10713000394F00BB11EFFCE9499AA4499A6449967A
:107140006449CE08BC10EFFC91546E4B1631099384
:1071500070CE2900BD0EEFFC91546E8A86244ECB72
:107160003B05BE10EFFCE7340F93A824266112CE36
:107170003905BF0EEFFC49395C2D8749180D3909D7
:10718000C012EFFCA13C47C5A89884C9B0844998B7
:107190005300C112EFFCB13487C5A89884C9B084EC
:1071A00049985300C213EFFC2131CA41312A2661AC
:1071B000322C6112E61400C313EFFC1129897450BC
:1071C0008C8A49980C4B98843905C413EFFC91289C
:1071D0008B72508C8A49980C4B98843905C513EFF3
:1071E000FC21310A55312A2661322C6112E6140045
:1071F000C614EFFC29C9524CC2244CA63109933065
:1072000019720A00C70EEFFC29431426718FD19022
:107210001601C810EFFCA13CC786258E872C8E87EF
:107220009D02C910EFFCB1340787258E872C8E870D
:107230009D02CA11EFFC2131CAA16189E3218BE3D0
:1072400061A700CB12EFFC91288B726858E278C8D6
:10725000E278D82900CC0EEFFCA13C070731EE38CC
:10726000E81400CD0EEFFCB134470731EE38E814D6
:1072700000CE0EEFFCB134C9B1418C3B0E3A05CFC4
:107280000FEFFC912CCA726810E38E834E01D0136D
:10729000EFFCF1412B6551964CB5288BB264D04977
:1072A00000D115EFFC11298974284CB4A494949250
:1072B00028A929614E01D213EFFCA13C0787284C75
:1072C000C2244CC2248C869C04D313EFFCB13447F7
:1072D00087284CC2244CC2248C869C04D414EFFC16
:1072E0002131CAB1210A933009933009A321270122
:1072F000D515EFFC112989746C88C2244CC2244C2A
:10730000C268C84900D615EFFC91288B726C88C200
:10731000244CC2244CC268C84900D70DEFFCD9C325
:10732000A8A88A51316701D816EFFCD168883225A8
:107330004A4A4953524A4A89160D510E03D913EF4E
:10734000FCA13CC7C2244CC2244CC2248C869C04A1
:10735000DA13EFFCB134072B611226611226613477
:10736000E42400DB14EFFC2131CAA1300993300979
:10737000933009A3212701DC15EFFC91288B72289B
:107380004CC2244CC2244CC268C84900DD0EEFFC3C
:10739000C13407B328ABA4713B0DDE10EFFCF178CC
:1073A00090C2244CC26490E23A19DF13EFFC4962A8
:1073B0009445591226619495B228D14900E011EF05
:1073C000FC49790E0E7934286192494B4E01E11146
:1073D000EFFC69698E0E7934286192494B4E01E2C7
:1073E00012EFFC49629463431E0D4A9864D2925393
:1073F00000E313EFFC295212E9D890478312269933
:10740000B4E41400E413EFFC295116E5D890478347
:10741000122699B4E41400E513EFFC21310A7570CB
:10742000C8A34109934C5A720A00E611EFFC795146
:10743000D2241A94288B9248C94900E70EEFFC79B0
:1074400019A230898BD1901601E811EFFC49790E11
:107450000E51980C4B1C46434E02E911EFFC696932
:107460008E0E51980C4B1C46434E02EA12EFFC491B
:10747000629463431426C31287D1909300EB13EFF9
:10748000FC295116E5D81085C9B0C46134E4240044
:10749000EC0CEFFC49798ECA1D079D02ED0CEFFC48
:1074A00069690ECB1D079D02EE0DEFFC49629483C6
:1074B00072C741A700EF0EEFFC295116E5A0DC7161
:1074C000D02900F014EFFC912814933C1BA2300942
:1074D000933009A3212701F113EFFC295212E9503F
:1074E00032694998844998843905F212EFFC497948
:1074F0000E0E519884499884D1909300F312EFFCBA
:1075000069698E0E519884499884D1909300F41340
:10751000EFFC496294634314266112266134E4242B
:1075200000F513EFFC295212E9D8108549988449D7
:10753000180D3909F613EFFC295116E5D8108549C5
:10754000988449180D3909F70DEFFCD9E21C1C7419
:1075500030CED900F812EFFCB94643942951D294A9
:1075600068D110E53000F912EFFC49798E85499811
:1075700084499864D2925300FA11EFFC69690E565F
:10758000C2244CC22493969C02FB13EFFC496294E4
:107590004361122661122699B4E41400FC13EFFC37
:1075A000295116E550988449988449262D3905FDBE
:1075B00013EFFC69690E56C2244C32698993301A64
:1075C0002200FE11EFFCE97165D2923009132D49BA
:1075D000A63806FF15EFFC295116E5509884499806
:1075E00064D212276134440000000004FFFF000051
:1075F000BF0002020304030504060B00FE08FE0997
:10760000FF0144028607AD20050066072107C1433C
:1076100067280122071B57275901230DBD42AF4C94
:1076200069A86AA8322500240DCD3E37AF4AE59DF2
:1076300054B52300250CC5422FAAEE8C726AC904EA
:10764000260DC5422FA7987295648A510527071BFE
:10765000574F9500280A533F37C514DB3107290BD4
:10766000533F27C71C5B3145002A0AAD46AF8E4306
:10767000E694002B0AAD4637A3386446112C07A3C5
:107680003ACF2A012D068C4E67042E06124367045A
:107690002F10D53E1F659433CA19E58C7246190127
:1076A000300AC4424FA5E99914003108C34237ADEE
:1076B000D803320AC44267C55CB64700330CC442E3
:1076C00067A39C34CA792400340AC442375A5D2324
:1076D000E604350BC44267E8BC51CE2301360BC427
:1076E000424FE5BCA2991400370AC44267E432C78E
:1076F0005C02380BC4424F459954349302390AC492
:10770000424F4533ED4A013A072A4367C4113B080B
:10771000BB3ACF4656093C0ABC423FB65146190512
:107720003D089D4A676838043E0BBC4227A38C3253
:107730008A6D003F0CC5426FE58C724D67140140A5
:107740000CC5425746B9924A526538410AC4424F65
:10775000AA28C73403420BC4426745395234470252
:10776000430AC4424F45DD991400440AC44247A667
:10777000D22B4900450AC44267E8BC723D02460963
:10778000444367E8BC721B470AC4424F455D4D99AC
:10779000064809C442279A633A034908434367C528
:1077A0005E034A09C44257B7A54C0A4B0AC4422794
:1077B0005A49A64E194C08C44227F73D024D0CC544
:1077C0004227AF91565249DB014E0AC44227CAB53F
:1077D000D429034F09C4424F459F4901500AC4426E
:1077E000674573A45C03510ACC3E4F45E772A30082
:1077F000520AC442674539524F19530CC4424F458F
:107800008D32CA482605540FC54267C88C32CA2833
:10781000A38C328A005509C44227FA991400560BEA
:10782000C54227BB5399724611570CC54227BB92DC
:107830004A63952901580AC442279A49AA680659F9
:107840000EC54227EB54A69C51461945005A0BC45D
:107850004267E498638E79045B08533F67C47E0EE9
:107860005C11D53E27A30C33CA30A30C33CA30A316
:10787000005D08533F67F673045E079D5637A73ACD
:107880005F068C42670460071B5747E600610AB435
:10789000424FA334A24C03620AC44227E7159D233A
:1078A000016309B4424F455DA3016409C442BF1A94
:1078B000D199066509B4424FC5B1331A660AC4426C
:1078C00057E538526E02670BC43A6F447368391239
:1078D00000680AC44227572349670069094B432FB0
:1078E0006624BB066A0A5C3ABFC6BA5B26056B0B08
:1078F000C44227972AC954CA006C07434347F63548
:107900006D0BB542E74A2AA9A4922A6E09B4422710
:107910008D249D016F09B4424F45675200700AC41F
:107920003A6745E74839037109C43A6F4467DA0595
:107930007208B44267A47613730AB4426F648DF47C
:107940004800740AC4422FC791721B097508B442DB
:10795000277AA601760BB54227EB54A69C510477F3
:107960000BB542275B4955332500780AB44227CA34
:1079700024559401790BC43A279AA9D2314A007A46
:1079800009B44267E4D81E017B0FD53E5F6694516F
:10799000D41A66945186027C06D13FE7117D0FD53B
:1079A0003E47C38C32CA50CB8C328A1A7E099D5610
:1079B0002FAA241300A0079D4227EB31A107C13B4A
:1079C000470D01A20AC43E378ED4CF9900A30BC540
:1079D000425756796794F318A40AAD4627A799E24F
:1079E000CA01A50DC54227EB540D1987CC2802A664
:1079F00007D13F67C411A70ED43A4FC59455944997
:107A0000A7981400A807135B27A900A90D4E3E579D
:107A1000C794D4BE952AB304AA0AB44A4FA33446E5
:107A20004623AB08A5462FCA141BAC079C4667E447
:107A300002AD050B4F67AE0F4E3E57C794ACB4D2A4
:107A4000B2928A5902AF068C5E6704B009A4524F05
:107A500045991400B10CBD4237A3386446991A0207
:107A6000B208AC524FC5E608B30AAC5267A3A4D122
:107A70004800B4071B57379500B50AC43A277A8DDA
:107A8000A43300B60EC5426FA8A42A15534C31C5C5
:107A900014B706124B6704B809A43A3767341200CA
:107AA000B9062A536F35BA0AB44A4F4599341C01B6
:107AB000BB09A54627B6A24C00BC0ED53A2F6B14C5
:107AC00053A953A5E5C809BD0DD53A2F6B1453A989
:107AD0005337CA79BE0ED53A47C31CA3DAA9D2726E
:107AE000E404BF0BC53A37A34CB7514E0BC00BCCC7
:107AF000422FA368C531CD00C10ACC42B7962A8E69
:107B00006906C20BCC42B74A52C531CD00C30BCC7B
:107B1000422FA968C531CD00C40ECD4247696C56CD
:107B200023C514534C00C50BCC424FC524551CD360
:107B30000CC60EC5426F2499621A33C514D300C710
:107B40000BD43A4F45DD99748C00C80CCC422FA35E
:107B500034745E398F00C90BCC42B71C3AAF9C47D6
:107B600000CA0BCC42B71A3BAF9C4700CB0FCD42AB
:107B7000476938524619CD8C321A09CC094B432734
:107B8000A715BB06CD094B4337A515BB06CE094B40
:107B900043AF1A29760DCF0ECD424769BC33CA28B0
:107BA000A38CF202D00D45424FA718472A534CA58B
:107BB00004D10BCC422FA9722D75CA00D20BCC4236
:107BC0002FA3A8A2675200D30ACC42B756D13329BB
:107BD00000D40ACC42B74A2A7A2605D50BCC422FCC
:107BE000A9A8A2675200D60ECD4247692CAB986275
:107BF0008A294609D709AD4627A7BAAA03D80F563E
:107C00003E1FC6D99249AAA862393304D90ACC4288
:107C10002FA3D2675200DA09CC42B7E9332900DB3F
:107C20000ACC42B7CA287A2605DC0FCD42476958EC
:107C3000C514534C31C52801DD0DCD42BFCC3AD51A
:107C40001965945104DE0BC44227E715E548390352
:107C5000DF09C4424F45D5E912E00CCC422FA38C7A
:107C6000354A23CA34E10BCC42B7A6344A23CA347E
:107C7000E20CCC42B7CA50A334A24C03E30CCC4272
:107C80002FA98C354A23CA34E40BCC42AF1B6A942B
:107C9000469469E50CCC42B78A51A334A24C03E662
:107CA0000CB54247C994868A292A01E70AC43A4F8B
:107CB000455DA35902E80CCC422FA38C551C3BA375
:107CC00001E90BCC42B7A6541C3BA301EA0BCC4202
:107CD000B7CA50C5B1331AEB0BCC42AF1BAA3876EA
:107CE0004603EC094B43276724BB06ED084B43AF23
:107CF00086B26BEE084B43AF2DBB06EF094B432713
:107D0000A92CBB06F00CC44227258D629266520056
:107D1000F10BCC422FA90CD348D219F20BCC422F35
:107D2000A38C55742605F30ACC42B7A654742605D5
:107D3000F40BCC42B7CA5045675200F50BCC422F2A
:107D4000A98C55742605F60ACC42AF1BAAE84C0A4A
:107D5000F70CBD4237A34C0D4D651401F80D463E9E
:107D60001FC6D9922A96334300F90ACC422FA30C9E
:107D7000A3671AFA09CC42B7C6D1330DFB0ACC422D
:107D8000B7CA287AA601FC09CC42AF1B45CF34FD07
:107D90000CDC3AB7C6D14C958E5102FE0BD43A2773
:107DA00057C9944BD519FF0CDC3AAF1B4533553AF4
:107DB000460900000004FFFF0000C00203020304A4
:107DC000010104050800FF06FF07FF013F028F06BF
:107DD000152006C5FABC022108C55A61772807227A
:107DE0000AC53AA5244A725600230DC5DA4932283D
:107DF000A52419943200240BC55AD9521335658C29
:107E000000250DC57A499414B33029252100260E8A
:107E1000C55A59122591942452A4A4002707C55A83
:107E2000619D192808C57A8DAD15002908C53A69E4
:107E3000B1AD062A0BC5FA581449432495012B0A03
:107E4000C5FA68180D5298032C08C5FACC61960142
:107E50002D08C5FAE42127012E07C5FA1C73002F4F
:107E60000BC57A61166661168600300AC5DA52259E
:107E7000B194221D3108C5FA99D83603320AC5DA01
:107E8000523192C22106330AC5DA522D4DA248075B
:107E9000340CC5BA611225D190853900350AC5BAAE
:107EA0004312AE61B203360AC5DA523855A248070A
:107EB000370BC5BA43128559314700380AC5DA5223
:107EC00049AA44910E390AC5DA52258AC648073AAA
:107ED00008C5FAB41CCF013B09C5FAB41C0AB30C9F
:107EE0003C09C5FA48564CCB003D09C5FA94211E01
:107EF00072103E09C5DA6931AB23003F0AC53A5218
:107F000031AB433902400BC5DA52255112259D0190
:107F1000410CC5DA52254A86244AA218420AC5BA3B
:107F20005365AA44C90E4308C5DA4BD83A03440C3A
:107F3000C5BA53254AA2244A76004509C5DA4B380A
:107F400085E90C460AC5DA4B184E610E01470CC58F
:107F5000DA4B98285112453300480EC5BA51122504
:107F60004312255112C5004908C5DA5BD836034AC9
:107F700009C5DA5BD8A423004B0CC5BA51122553AE
:107F8000254AA2184C07C5BA61D7194D0EC5BA517A
:107F900032244312255112C5004E0DC5BA51A224F8
:107FA0004A45499428064F0CC5DA52254AA2248A2C
:107FB0007400500BC5BA53254AA6308700510CC532
:107FC000DA52254AA2248A4405520BC5BA53254ADF
:107FD000A64A14035309C5DA4BAA86C90E5408C52C
:107FE000BA83147607550DC5BA5112255112255181
:107FF0003403560CC5BA5112255112459A0E570E2C
:10800000C5BA5112255132244312C500580CC5BAC5
:108010005112459A54896200590CC5BA5112255122
:1080200034263B005A0AC5BA4398350E31005B0826
:10803000C53A53D8E3025C0BC51A611AA6611A2629
:10804000005D08C53A639F16005E09C5FA5952CB18
:10805000C9005F07C5FADC87046007C53A69CE111D
:10806000610AC5FAA01A2D513403620CC51A613891
:1080700055A2244A76006309C5FAE01256670064E7
:108080000CC57A61B444499444D10C650BC5FAE03F
:1080900012254392CE00660AC55A52986D611D01A1
:1080A000670CC5FAE0122551A4261300680CC51A06
:1080B000613855A2244AA2186909C5FA3922166501
:1080C000006A09C5FA39143669006B0BC51A6129B3
:1080D00029694954066C08C53A61AF32006D0DC577
:1080E000FA58940CC990444914036E0CC5FAD8543C
:1080F0008992288962006F0BC5FAA054899228D210
:1081000001700BC5FAD8548992290C01710BC5FA7C
:10811000E0122551345600720AC5FAE01225611D9D
:10812000027309C5FAE092AAC90E7409C53A61B68C
:10813000855519750CC5FA589444499444D10C7668
:108140000CC5FA5894444914693A00770DC5FA5899
:108150009444C9900C491403780BC5FA5814695219
:10816000258A01790CC5FA58944449148DC9047ABA
:108170000AC5FAD81066B521067B0AC55A52981965
:10818000AB0A007C07C55A613F017D0BC51A6A180E
:108190006A5A1869007E09C5FAA448D149007F06C9
:1081A000C5FABC02A006C5FABC02A106C5FABC020B
:1081B000A206C5FABC02A306C5FABC02A406C5FA0B
:1081C000BC02A506C5FABC02A606C5FABC02A706F3
:1081D000C5FABC02A806C5FABC02A906C5FABC02CB
:1081E000AA06C5FABC02AB06C5FABC02AC06C5FAC3
:1081F000BC02AD06C5FABC02AE06C5FABC02AF06AB
:10820000C5FABC02B006C5FABC02B106C5FABC028A
:10821000B206C5FABC02B306C5FABC02B406C5FA7A
:10822000BC02B506C5FABC02B606C5FABC02B70662
:10823000C5FABC02B806C5FABC02B906C5FABC024A
:10824000BA06C5FABC02BB06C5FABC02BC06C5FA32
:10825000BC02BD06C5FABC02BE06C5FABC02BF061A
:10826000C5FABC02C006C5FABC02C106C5FABC020A
:10827000C206C5FABC02C306C5FABC02C406C5FAEA
:10828000BC02C506C5FABC02C606C5FABC02C706D2
:10829000C5FABC02C806C5FABC02C906C5FABC02CA
:1082A000CA06C5FABC02CB06C5FABC02CC06C5FAA2
:1082B000BC02CD06C5FABC02CE06C5FABC02CF068A
:1082C000C5FABC02D006C5FABC02D106C5FABC028A
:1082D000D206C5FABC02D306C5FABC02D406C5FA5A
:1082E000BC02D506C5FABC02D606C5FABC02D70642
:1082F000C5FABC02D806C5FABC02D906C5FABC024A
:10830000DA06C5FABC02DB06C5FABC02DC06C5FA11
:10831000BC02DD06C5FABC02DE06C5FABC02DF06F9
:10832000C5FABC02E006C5FABC02E106C5FABC0209
:10833000E206C5FABC02E306C5FABC02E406C5FAC9
:10834000BC02E506C5FABC02E606C5FABC02E706B1
:10835000C5FABC02E806C5FABC02E906C5FABC02C9
:10836000EA06C5FABC02EB06C5FABC02EC06C5FA81
:10837000BC02ED06C5FABC02EE06C5FABC02EF0669
:10838000C5FABC02F006C5FABC02F106C5FABC0289
:10839000F206C5FABC02F306C5FABC02F406C5FA39
:1083A000BC02F506C5FABC02F606C5FABC02F70621
:1083B000C5FABC02F806C5FABC02F906C5FABC0249
:1083C000FA06C5FABC02FB06C5FABC02FC06C5FAF1
:1083D000BC02FD06C5FABC02FE06C5FABC02FF06D9
:1083E000C5FABC0200000004FFFF00009B0003026E
:1083F00005050305061212FEFC0BFD0CFC01CF0364
:10840000C4056F20060030A2002108C1FDA17888B4
:10841000042208C4B8A2887C0A23188811A28BC23F
:10842000288CA261888A51188551340C51310AA3D5
:108430000C2417A7F1A10B07258AA4480A93744DB1
:10844000C2488AA4CA2066002519A8F1A1D192A821
:108450001225512553F2388F232D8992A81245A257
:108460000226178911AA5AB3300BB334C9C328891D
:108470006A49354AB34AB6052708625CA35014001E
:10848000280C0496998B6A51D68F5958290D049659
:1084900099086B61D64F5954032A0F2751A28BB309
:1084A000A8D2B6254DB538032B166B15B6CDB11C29
:1084B000CBB11C4B87839A633996633996022C089B
:1084C00082D8A11812052D0724709618022E074293
:1084D000F8A118022F0F0696A12DA6C5B49816D3A1
:1084E000629A02300D6715A2DA2AA95F932C9B00CD
:1084F000310A651DA28AC6FE3408320D6715A2DA5C
:108500002A699CF679180233106715A219A2308FD8
:10851000D36C2F8BD1100134116815A68DD5248C06
:10852000B24E61340C6A5E02350F6715A238C8E599
:10853000412FC76234440036116715A21AA234AE27
:108540004C5A925A932C9B00370D6715A238C46978
:108550005C8DAB710D38126715A2DA2AA99A64D91D
:108560005649D524CB260039106715A2DA2AA93539
:10857000C9A425AE4643043A07E1189248033B07D5
:1085800001F99148053C0F49F9B14762D55D8774FF
:10859000288774483D0A8A54B278C8C9C3213E105E
:1085A0004AF5B1C8311DD3311DD321D93B023F0E4D
:1085B0008615A2D2A224145BEBB4340240162831F3
:1085C000A61AB230492631518644891265488AD9A3
:1085D000100141156911AACC913C8993340BB36CFD
:1085E00018A2344A935C0F42106711A2B8A48EC936
:1085F0002085496A1D860443106811A61AA434898F
:10860000F3EE489E46830244106811A638A5499AA5
:10861000C4BE2669324C00450E6711A238C8CDC3CE
:1086200012370F4300460C6711A238C8CDC312772A
:108630000647156911AA1AA638C9732447C241D73B
:10864000933889A36101480C6811A6883D0F87D82B
:108650007300490963119258A2FE324A0AC4A98DD7
:10866000D2FADF86044B136711A248C5248B6A49EE
:10867000A826619495C2240D4C0A6711A288FBE7D5
:1086800061084D1A6B11B2D0877C4913254DA42C7B
:1086900092B2484B322DC9C4500C75284E11681146
:1086A000A688E55509A54C8BC4449DCD014F176A9A
:1086B00011AE1AB6388A931CD1111DD1111D29474C
:1086C00071364C00500D6711A2B8A45E8721899BBA
:1086D000015115A9D1A91AB4344A93DC7B12B525EE
:1086E000D9A02339940052106711A2B8A48EC920D2
:1086F000854998A4D600530F6711A21AA250CEF351
:10870000BD9C26830454156911AA78CC911CC9918B
:108710001CC9911CC9911CC99110550C6811A688DF
:10872000FD731266430456156911AAC8F5248DD24B
:1087300028CD8A599AC4499E232100571F6D11BA2A
:10874000485335552B599245599245599255B22463
:108750004CB2244CB2242DA7190058146911AAC890
:108760009334AB26798EE4499CA45935C90359103A
:108770006711A248D5248BB24A98A47137005A0ECB
:108780006811A638E8711EE771E761105B0AC4F949
:10879000A118B4FEB7215C10C7F1A188F3388FF39C
:1087A000388FF3388F035D0A03929598FA7F1A0287
:1087B0005E0965F8AACA925A005F072A94B1780840
:1087C0006007421CA3880261110711A219A2308E12
:1087D00006254CC22493A600620F6711A2885B266F
:1087E0002D495DB7249900630C06119E9A32B53964
:1087F0008B1600640E6711A26E5A6AAB6B92494BDE
:1088000000650E0711A2DA2AE970CEC36848006637
:108810000C64119652B26848B23E01671067B1A16C
:108820005A6AAB6B92494B9C64D904680C6711A2DD
:10883000885B262D497D0D69096211922929FD0069
:108840006A0AC3AD8D2A4AFD69016B106711A288BF
:108850001B932CAA8D51560A93346C07611592789C
:10886000106D120B11B248A6453386622886622825
:108870008662016E0A06119E48164DF4316F0D078F
:1088800011A2DA2AA96B92651300701468B1A55081
:10889000362D4A9334499334D1A264CBCB00711363
:1088A00068B1A55A944C499334499334CAB4256F9E
:1088B00001720A05119A48062DEC11730C06119EDF
:1088C000199250764C8604740B45119A09B34109EC
:1088D0007B1D75110711A210933009933009933055
:1088E000C9A42576100711A248D5248BB228AB84E1
:1088F000499A0177180B11B2084331D4922C89920E
:10890000A89225519225591AA61100780F0711A295
:108910004893AC92C6699255D200791267B1A148CA
:10892000D5248BB24A98A4711A872A007A0A0611B4
:108930009EB886BD0E037B0C0696A19BD21EB55831
:10894000ED797C07019A91F8217D0E0696A190D3CE
:108950009E63494CBB89007E084734AB993405803F
:10896000118711A2DB2A713A68E9A0C5F52C5B00DA
:108970000000000C59390E85706B0FF2FFFF2013B9
:10898000082ED4C2F8204E00082FD0C2F8014E0A9B
:108990001FEFF1C1CEF11CCFF11CCFF11C1F861CC3
:1089A000C9F11CCFF11CCFF11CCF91E1034E0B217B
:1089B000EFD1C1F839C7733CC7733CCAC12CC7C2D9
:1089C0001C4A7324CD911CCFF11CCFF11C014E0D1C
:1089D00023EED1C1191E7224877334877354C9A141
:1089E00024CAA32CCDC22C4C93349573388773388A
:1089F000064E2A200FD2C1CFF11C4E7230CBA134CB
:108A0000AF862535D5733CC7733CC7733CC7733CF1
:108A1000074E2D1E0BDAC1CDB11CCBB174780CC53D
:108A2000500CC5500C8787B09A6339966329004E65
:108A30003A240DD2C12FE6489623598EC6C3731A25
:108A4000A77192A55994665198673912E5509227FB
:108A50007528024E3B1FEFF1C1CE2939D3F0902388
:108A6000399EE3399E43C34187723CC7733CC7F3C9
:108A7000E1034E481DEDF5C1CED11CCCD11CCCF28A
:108A8000300EE3B41DCCC1723147A2E12987024EFA
:108A90004B1EEEF5C1CDF11CCEE9C33B9AA3399A2A
:108AA000A3399AA3399A833A18E550381C4E5F25AA
:108AB000EFF1C1CFF11CAB6325395BE2644BA72C0E
:108AC00053B27256CE927216E5599CE5581D0B872B
:108AD00083004E66210ED2C1CE7228CC91341BEE9B
:108AE000509643590E65399465C383DCBF25799848
:108AF0002339004E861EECD5C1F88EE5588EE590E0
:108B00008EE5600EE6600EE6600EE6600E25391614
:108B1000034E8B250FD2C1CFF17CF89E43C3416C2D
:108B20001C0E3A9443C34187C268F81E86C341872E
:108B30007234C9E11C014E8E20EFD1C11A0E3A9455
:108B4000E3399EE3F9F03DC7733CC7733CC7733C00
:108B500047931CCE11004E911CEFD1C11A0E3A7FE3
:108B60001E3EE7708EE7709823711D0987C71CCAE7
:108B7000F1084E921DCFF1C1191EE21CCFF11C1E4F
:108B8000063DCEE37A5C1F061DCFE11C4F870F4EDA
:108B90009B24EFF1C1CD72AC1E654D4B1446D91A22
:108BA0006561540BA36448C2411E949CDB70E73C92
:108BB0003C24004EA4220FD2C1CE29399E0FDF895A
:108BC000799C23611EB546719683490EE7709263C6
:108BD0005A2E6B3A364EBA230FD2C1CFF11CCFF1C9
:108BE0001CCFF11C4E7234C9C12CC7EA509A2369BC
:108BF0005ECDA12C07931C0E4ECE2C0FD2C14C7310
:108C000024CD913447D21C497324CD913447D21CD2
:108C1000099338C99238AAC4519285691656A3306F
:108C20004EC21C094ED62D0FD2C1AC43610E255148
:108C30008E4415358A94504AA45052A22C19A27E13
:108C40008D5AA38A1A15B328CFA23CCB8641CB41BB
:108C5000004EE5240DDAC187E2342B666156CCEA7A
:108C6000489623591EE6611E46599A844926665144
:108C700098D6B31C094EEA280FD2C1CC722C8CE2D4
:108C800024AA4669290DB5AA564CB2A630C9C324F8
:108C90004F7324CD9130C9B372945672014EEC2CAF
:108CA0000ED2C18C72AC0E65C990457116C5911477
:108CB00047529C9462A99C457116C5591467519CF2
:108CC000457116854916A509004EF6270FD2C14CED
:108CD0007324CD91A89E4579360C9994C552962659
:108CE000C5529C27C3218BF3388FF3388FF3380498
:108CF0004EFD2D0FD2C18CF32CCAB3280EB3340B0A
:108D0000432DCDA4384A2AC32285591A666998A5ED
:108D1000619666619A85699425699266004F182C60
:108D20000FD2C1CCA23C2B67D5308792E110894984
:108D30002C266912266114267998E459946751D635
:108D40009495B2A670C8921C024F1A230FD2C1CFBD
:108D5000F11C4E7230CBA134D6256918229DDBF070
:108D600090E7700EA7797538A83912014F202A0FA5
:108D7000D2C1AC43610E8539120D435A17734419A1
:108D80000E49318EB21C8B8621CD91342B87499EA2
:108D9000E6489CC721004F462B0FD2C1CCF11C4F97
:108DA00086418CE2308A3329CEA4619092284EA26B
:108DB0007218C561340C621487399EE3C970C87299
:108DC000104F5C2D0FD2C18C7230CAC128C7B2615E
:108DD000D0A22447A4244794284FC2412AE65098A1
:108DE00043610E85C35887C21C0A73288C014F60EB
:108DF0002B0FD2C1CC72AC8ED5A16C18B47224C525
:108E00009912A6491C465994A459548CB2288CB284
:108E100096302BE76192A729004FDD280FD2C1CCF5
:108E2000F16418E2242DA5A53494862154E3242D61
:108E300025C331DCB3A41CB5265951ACA53992A683
:108E4000004FE12B0FD2C1AC43698E24C32DC773F1
:108E5000581B864C47931C8CB26108733CC7B361A6
:108E600008B334CCD2301B86304B130050A82F0FE0
:108E7000D2C18BF338D706252A4659142699380CC7
:108E80008A1E26439647D1B04549AD2465A56CD0CE
:108E9000A2A45692B252366871960050CF2F0FD2CC
:108EA000C18C72301AF4248C93E1A8645126D53217
:108EB0006918A4248CA32CC9C24469CD2239919489
:108EC000344CAA59544C945A35055145240FD2C1FB
:108ED000CE29F9F035C77338CDABC341CFA23CCB17
:108EE000B13A5687C22C0DB330CD227D4800514691
:108EF000290ED6C1CC72284BB3A65A1426599226F5
:108F0000590E65BA96A44916655156C9EA48580BD8
:108F10004B6998E4C30E035165240FD2C1CD2939A2
:108F200025C7733C87931C4D7234C9C12CC7EA50C6
:108F30009A23695ECD9130C7A21C15516C24EFF1C4
:108F4000C1477230CAC128C7C21C0A7324AE23614C
:108F5000354A6335C7B31C4AF3381E0E719E015162
:108F600073210FD2C1CBCB799AD387830EE5788E4C
:108F7000E7C3F71C4E7234C9C12C87D2589774507E
:108F80005176260FD2C14C73244D8787B48EA439F5
:108F9000320C3992E6489A23C39023698EA4E1F0FB
:108FA0009D5AAFE650045185240DD6C1CED11C8DFB
:108FB0008707355553351593508C322D8CA4385175
:108FC000F24407755087121D4B00518C25EFD1C11B
:108FD0001BA2218D5AA3D6A8356A8D9A866F516B34
:108FE000D41AB546AD516B946461A4B4A559065129
:108FF000FA1F0DD6C1CED13C2C85A5B01496868320
:109000001EE6391AA7A99AAAA99A0E0F3A1A51FB75
:109010001E0FD2C1CFF11CCFA1E1A043399EE3F9CD
:10902000F03DC77328EC7F1C0E3A1E015206260F36
:10903000D2C18772AC8E853992E6D51CCA7230894E
:1090400086414BC31C0A7328CC913447D23C2E2650
:1090500071195207260ED2C1CBE11CCE86214BB32B
:109060006A960D5136A85935AB66A55A25AB69618C
:1090700016D6D3384BE234025220390FD2C1C793EF
:109080002119C2244AA2308992A8524AA24A2989A7
:109090002AA524AA0C2F4D4954292551A59444955D
:1090A0005212554A49142689128562524AC22C4CE2
:1090B0000052302C0ED2C18787435847B238AA9548
:1090C00092348A864312855912856914A651320C4E
:1090D00051318DC21C09077198933A960052362A75
:1090E0000ED2C1CDA37A548F862189922C8CD23096
:1090F0001A9ED2304AC3281A8624EA1275894A4A2F
:109100001855D296344E005237320FD2C1C7A361E0
:1091100010A3388CE2301A0625AA85512D8C6A617D
:10912000140D831225A54A94942A5152AA4452A49C
:10913000845994A4719AC41500524D280FD2C1CB02
:10914000CB791A0EDF69831A6651318B8A8354CC2E
:10915000A262161507A998A5619686492D09A33420
:1091600003526A240FD2C14CC3E13B6D50C32C2A79
:109170000E52318B8A8354CCD2301275E2F01ED756
:10918000D34AA8870052A1240FD2C1CDF11C1E06DC
:10919000598DA348077550D2A5CC986EC31D0A738C
:1091A00024CD91348F8B495C0552A82D0ED2C187F6
:1091B00072381DB41CCEC161C8A16C18A42C8AB32E
:1091C00028CEA2344CA22C4CB2281C86244DB224AA
:1091D0008DB3244E23005343200FD2C10773701068
:1091E000871DCFF11CCFF17CF89EE3399EE3399EB9
:1091F000E3399EE3390053551E0FD2C1CBAB3994EE
:10920000E5C341ECE37010FB381C7428C7F3E17B25
:109210008EE7780E535A290FD2C18A93348EC264D6
:109220003848711E0D97616B1A6E51D634DCA2ACB2
:109230001D0A93E1206569D85312E648065361245C
:109240000FD2C1CEF11C1F861CC9F11CCF91E17356
:109250008EE7789483598E853994E6488EE7788E28
:1092600000537022EDD5C1D4876C18E2500EE57022
:109270001892500EE5500EE5505A5AC6288772349F
:1092800047530053BB210FD2C1CFF11CCFA1E1A0A6
:1092900043399EE3399E0F9F733C877338CDABC330
:1092A00041C7230053CC27CFD1C1B80C431C8551F3
:1092B000168551168559921593AC5A89D3244DD2EF
:1092C00038496B95308BB2284EF30253D1230ED61A
:1092D000C1CEA1AC9A85591D1A9E73348787414D22
:1092E000D25258AB86491AA77192439AB80B53D6FB
:1092F00029EFD1C17847B264D84A5936485953D674
:10930000946583947509B34A180D496950C2EE50AB
:1093100096E44894E5491A53E31AABF9C1F80EE90B
:10932000900EE9900EE9900EE9900EE9D0F090438E
:109330000153EA1DEDD5C11A8E79988779988779FE
:109340009887C331CF89695CCC9128C7743053EFBB
:1093500021EED5C1F8A063399C0E5A9A55B36A56CE
:10936000CDAA5975D0D2AC0EE7700E26391A025329
:10937000F0210DD6C1CDD11CCCC1B49EE550323CFC
:109380002439965386631EE6611EE6E170CC230005
:1093900053F71FEFD1C11BCE799CC7793CDC89C341
:1093A000C71CCEF1E18EE7788EE76092C3290053A7
:1093B000F825ECD5C1190E3A9883C341C9C11C8C5C
:1093C000862D0AB328CCA2308BC22C1AB628CC72B8
:1093D00028C9B104540C25ECD9C1F890633AA60C05
:1093E00083A2633A260D93144652184961240D93C3
:1093F00014463AA623890E2500540E260FD2C10723
:10940000737050071DCBF11C1FDE723CC7733C19F3
:10941000063589C3280EA3382B47E130E871045480
:109420002726CEF5C11D866848A22E5197A84BD499
:1094300025EA320C51258D2A393224391225799AA0
:10944000A7793C0C02548C280ED2C1CDD11D1972C3
:10945000381CC4DA70C9C25A2666D9564A4A599489
:1094600094B2240A332D1CC45A98C3390454CD2E07
:109470000DD6C14772341CB2344A8653124B492C64
:1094800025C9904849299192522225A564504A89BC
:1094900094244392C6699C86495A01552E290ED2BE
:1094A000C18C72AC0E0D872CCC8783948469341CDC
:1094B000C23A321C74DA70087324CC913047C2E18E
:1094C00010E648025546270DD6C1CDE17878C8D2BE
:1094D0003C4B878394436D51254D226550A45AD44B
:1094E000169506A90ED59328472200566829EFD174
:1094F000C11AA4412B654D593648838E443998656D
:10950000C3E724C7CCBAA483D2200D5A296BCAB2B0
:10951000411A140056DE21CBF9C1F80EE990344807
:1095200052164959246591944552164983A4433AE9
:10953000343CE4500056E022EDD5C1F8A0836AAA7D
:10954000A66AAA0C17351593508C322D8CA438516D
:10955000F2440787EF600056FD22EDD5C1F8A083E5
:109560003AA80C173555536918223555934C8D225E
:1095700065B8E8A00E0EDFC10056FE21EDD5C1F89A
:1095800020C662AC0D932D53A22454534DD10675C1
:10959000105539D464551CBE83015728270FD2C1FA
:1095A000CEF11CCEA1E1638E873992E66A9C24C37A
:1095B000254A7324CD913447D21C49736478CB413A
:1095C0000057302EEFF1C18BF3388FF32CCAB3283C
:1095D00051862552C22C91C26889C22C2A669112EA
:1095E0006651922E5136845196A4718E0C430057C9
:1095F0003E2D0FD2C1CBF16418D42C4CB372561B44
:109600009628CFA221CCD2304BC328C9D221C9A2DF
:109610002D4AC22CCCA12CC9B33AA20A574028EF3C
:10962000F1C18BF3388FF32CCAB3281C9628CFA234
:1096300021CCA23C8BF22CCAB3285FA2708CD252F0
:109640000E0D8700575B24EFF1C1CBF11CCF8621B3
:10965000CCF11C1C76341A6E711EE7698EA4393267
:1096600065D19846E1708F03578328EFF1C10B73E2
:1096700028CD913447723C1A0665D8D11C49B330C5
:10968000CDC2348CE2308AA7DA9AA4399243C3213E
:1096900057DF2F0FD2C1CA915A8E4475248D86434D
:1096A0009423D920A7D99044B528896A5112D5A20C
:1096B000A4960D496D8FD6A56D53E22CD2A13058DA
:1096C000992D0FD2C18AF3388F865B9C67516990C0
:1096D000926A341CA21CCF8621CCD2304B9670E902
:1096E000B4254B16A639320C3992460058F3260F92
:1096F000D2C1CFF11C191E7224C7736CB8538707EF
:10970000254775341D861C497324CDE32CCAB31D2F
:109710001A025907220FD2C1CDF11C1E06594DA5C0
:109720002C077768BB43DB70CECA59793867E5AC44
:109730003C9CF30C590D240FD2C1CBF11C1F0E5AC7
:109740000E27C32DCAE3E19CC7C31DC9E16190D5B3
:1097500054CA727087B63B34591A210CD6C1CDC198
:109760001C1B8630CDC63CCA212596C26D586B6A3B
:109770002465395287F47987005927210FD2C1CF48
:10978000F11CCFF11CCF87EF399EC3498E26399843
:10979000E5581D4AF36A0E453A28592921EFD1C1EF
:1097A0001A0E3A94E3399EE3F9F03D87931C4D720B
:1097B00030CBB13A94E6D51C8A74505934250FD277
:1097C000C147723CC7EA609423511D0A7328CCF14B
:1097D00078F89EE3490E663994E6451D4A743001D7
:1097E0005939230FD2C1CFF11CCF91E1214772AC7F
:1097F0003DAA83F9F03D87931C4D7230CBA134D63E
:10980000251D14597930EFF1C18BF3388FF32C0AF1
:1098100087254AB42889942C4A12298B8624CAA207
:1098200024EA49C992A89266511625512DC9925829
:109830008C8621597D270FD2C1CBF170187328CCAB
:109840009168584B611C8571940C83544CA3344E21
:10985000D23CAEA4B5B029C9E1145982290ED2C1B7
:10986000CBE11CCEE17478CAA22CCAA22CCAA22CCD
:10987000CA9230CAA25A4B56AC55B252160D4A186B
:10988000653A0C5B501FEFD1C119DEE11CCEE11C23
:10989000D5E17CF89EE3399EE3399EE3399AE47082
:1098A0008E005B57230FD2C1CE2939323C2839AA0A
:1098B000A3E130E8700EE7703E7CCFF11CCFF11CC5
:1098C0004D723847005B58280FD2C1CDF11C1A3EAB
:1098D000E6780E47C390E6A99C266929190E599A85
:1098E00023698EA43992E64896E44818035B6624FF
:1098F0000FD2C1CAD25A986675381D1E941CD5D194
:109900007018743847E5E17B8EE7788E26399C2302
:10991000005B9A260FD2C1CE2939323C2839AAA33E
:10992000397138E8508EE7581DCB8635CBB13A9463
:109930004439920D079D005B9D23EFF1C1CE29397B
:10994000323C2839AAA3396D78C8911CCFF11C1A72
:109950000E3A94E3510E66D9F0015B9E260FD2C1F8
:10996000CE2939323C2839AA15E32807A31C0A73EB
:10997000AC8E9587EF490E663994C67AA6630900C6
:109980005BA2230FD2C1CE2939323C2839AAE5483F
:109990003A0C728B96833BB4DDA16D38E7711E0FD4
:1099A000E73C035BA422EFF1C1CE2939323C2839D0
:1099B000AAA3D970D07338CD873B56C7726838E8F0
:1099C000508EE7C3075BB6290FD2C1CE2939323C8E
:1099D0002839AAA3D1F090E7A812669B9443491DA9
:1099E00091E44DC9212552B570D0921CCE015BBDCA
:1099F000260FD2C1CE2939323C28392A66B5E1A0DA
:109A00006739D370CEE3AC9C95A324CA9128CDB41A
:109A1000748887015BF9270ED6C1C7723887B36196
:109A2000CC916418D2B09456A27298C461922669FF
:109A300029AC85590EE56092A321005C0F230FD25B
:109A4000C1CFF11CCFF11CCFB1E62C4CB3340BD3FA
:109A50002C8C933496EB399EA3490EE708005C31B9
:109A60002F0FD2C18A73244DB26188EA609483F1CA
:109A7000A00C839255C2AC12669570D092388CC2FD
:109A8000A4548B2A51AD29A985539623005C402705
:109A9000EED1C11A0E5A0E6539940D072D877378D1
:109AA00078CAB1281AA6C6A8314AB2614A7250874C
:109AB000921C8D005C4F24EED1C11A0E5A0E6539EE
:109AC000940D072D4AC3AC9A0CB7D6AC3A3C65C589
:109AD0005A988559584F33005C5E27EED1C11A9EC3
:109AE000722C1A9E7238196E699E0CB7246B196E0F
:109AF000693EBC14A3A4651812294FB21C49005E2C
:109B000016250ED6C18A7B1CC44A71588A9562A557
:109B100058A90C43D235E99A244B9A55B36A960D4D
:109B200043564D005E26250FD2C18CEA48541D1EB7
:109B3000D2A88E4475F2F0A0A4B19C86C3392B67DD
:109B4000E52C2967510EE6780E5E55250FD2C1CD62
:109B5000E2E121CE726438E7F170CEE3E18EE4D029
:109B6000F0AD7538484A56D12AE52CCAC11C5E743E
:109B7000240FD2C1CBF11C1F0E5A9A23691EE7D0C5
:109B80007048C31C0A73288C87EF488EE7788EE7ED
:109B9000780C5E7B270ED2C1CCE11CCD8621CBA1F7
:109BA0005A9C84F130E4691EE6489643ED49180F4B
:109BB000839C84718E25391A015E8F250FD2C1CF07
:109BC0002939323C44399E0D4398236925AE27C379
:109BD000418AC328CECAF5384FE3248763005E94D8
:109BE00026EFF1C1CF2939323C44399EE3619A25F1
:109BF000599845C52CCAA2308B8A599866611D496F
:109C0000F3341A1E5E972A0FD2C1CF2939323C4451
:109C1000698EA43992E6483A6C698EA439120D8394
:109C200018C5611467E5AC1C85C3A0C711005EA60A
:109C3000240FD2C1CF2939323C4459392B0F6FCD73
:109C400059391BE41C4F86418DD2B096A66BA8A94A
:109C5000FB005F0024EFD1C1191ED23A92E6489A68
:109C600023698EA4E1F031CD913447D21C49F338F9
:109C70008FEB698E84005F0F280FD2C187EA609650
:109C800063752C1DBE43399E0F520E853914E65064
:109C90009A2369160E59940C7912E5988E075F1570
:109CA000230CD6C10787418CC3388CC36418931C1E
:109CB0004A7248C786418CC3388CC338CC92348CE6
:109CC000035F53200CD6C12E96B2308BB230AA233C
:109CD000E9F00EE6600E26C3410773300787871C44
:109CE0000C5F5524EFD1C11A0E399EE3F170C77392
:109CF0003C1BBEE75058CDA41CA9E84854D63249B5
:109D00004B523947005F972C0FD2C1CCF16418D267
:109D1000280DB361C8A2248D93614873581A06298F
:109D2000C9B328190E591E47619C95F3384DE2229C
:109D3000005FAE310FD2C12BA649531825A5ACD276
:109D400016258332647194E548491996EE482D1A18
:109D5000A2248B5AB2A8528C22298C5AB2244E3299
:109D6000390B5FC323CFF1C1CE293925C77330C763
:109D7000E330CAB328CFA21CA9E5482D8DC43447CF
:109D8000D21C1A360060002B0FD2C1CBF11C4F86BB
:109D90004316E76AA51627699C844A1665499446C6
:109DA000B530C9C22CCD913447D21C4973244D0122
:109DB0006027290FD2C18BF338CFA23C8B72691870
:109DC000A2A4294DA22C4DE2308AF36C18C2388F20
:109DD000F3388FF368B8E5200060F328EFF1C1CCC9
:109DE000F16C90B3DAB0647136A85A751AC4A4AD98
:109DF0009495B3418772300BA35A5489E2481C866C
:109E00000C620F2B0ED6C1877238C9C12819B6282B
:109E1000CE72281B942819E2248CC2340AD3244C15
:109E2000C2248CC25A26E951928772016210280F0F
:109E3000D2C187921C8D72301F1EA2388FF338CB8F
:109E400006296BCABA845925CCC2A8529392AC9405
:109E500094C3B90062112B0FD2C1CD72684AC221DE
:109E60008CE2308AC374F85887C22C4DA22CD5A23C
:109E7000D4A8A4595889C2AC122589AAE558006211
:109E8000342E0FD2C14CD3618892388D92E13B962B
:109E90000E4394469D8621EAA761889230AB64C345
:109EA00090A559180D87A4298B3225550362402AA5
:109EB0000FD2C14EF3ED39CD913447062547B26438
:109EC00018A22CC9C22CC9C241C9C2340BD3AC1AC6
:109ED000666918A5F53802624B230FD2C10773706B
:109EE00010871DCFF11C1A0E3A94E3399E0FDF73D1
:109EF0003CC7733C47931CCE11006253230FD2C161
:109F0000CBF11C8F865B1C0E631EE7719E84B91A11
:109F1000CBA112E7711EE7719A84495C05626B2B35
:109F20000ED2C1CBE11C8E8641CBA161C8B31CCA45
:109F300072284B9261C87424D2A12587B21CCA72C0
:109F4000288B8641A94375106284280FD2C18BF3F8
:109F5000388FF330290D53128595AC29AB947225B7
:109F60008B32394A9438497324CDE36A12EA990E48
:109F700062A42A0FD2C14B7324CEE33C1B1E94383B
:109F80002B67E52C49864193E248CB952CC7EA58CC
:109F90009483510E257530C9310062A5320FD2C1AC
:109FA000CBF16C18C22C0DB33419962C09B330CDFB
:109FB000722C49862194922CD3922C51B22849B309
:109FC0002849B372162559922559510D62D22B0F8B
:109FD000D2C1CBF16C18B43A561F961CCB8621CC5B
:109FE000D230A986529A6969A264C310663956C7ED
:109FF000EA486D18A41C0563092A0FD2C14B7324CB
:10A00000CEE33C1A1E943C4BB2629A23CA7012B340
:10A010004809B3340BD35089EB6912266116666A7E
:10A0200002636E3210D2C1CB8641CCE2308B936199
:10A0300090C36C18C448CB935A2E0DB766AD9A6482
:10A04000C3A04495348C92344CA2344A4A69966435
:10A05000C3900063892A0FD2C18BF3388F072D0E6E
:10A06000876518C22C0D9364184229CDB4614894B9
:10A070002C2AC67934DCE23C4E93B81E0263A52C30
:10A080000FD2C10B7328CD916818C41C1C96300DDB
:10A09000A338190E599A2362AE0C2F619666611A85
:10A0A0004671AA26992446720263CF2F0FD2C10BA4
:10A0B000B334CCD268B88559344C599AE3D930843A
:10A0C00049A928B5695145C98621CCA2621615B3A4
:10A0D000A8251B862C4C130063D22B0FD2C1CAA11A
:10A0E000301FB268D0E37410F3643848719E44495D
:10A0F000AE48C9296BCA9A96648BB2A6AC521A4E66
:10A10000599E00641C2E0FD2C10B933C8B12318BD5
:10A110008A595419162511B3A89845C52419865093
:10A120008DB5614894304B2B713D4DC224CCC24C4F
:10A13000156444320FD2C1CBF16818C42C4CB36102
:10A140001A9630CD86350BB76418543D5486644852
:10A15000943089C22829855994A451128549292906
:10A1600026612664782A0FD2C16BCECAC970CC6A28
:10A17000C38E46C3904669651854250DA561889421
:10A18000344792E158C9B36212A561940B64AD2FB4
:10A190000FD2C18A87301AF42C2A566A83320C5A9D
:10A1A0009854B3A898E892340CD11615B3A8980D1A
:10A1B000439845C52C6AC986210BD30864CE2F0F5E
:10A1C000D2C12A86C320C551362CC3A22569966404
:10A1D000431296922CC98624D1D4301F861CCDA15F
:10A1E000E1A04339323CE4480EEB0065362B0ED635
:10A1F000C10B73244CA3308DB238CA86412A4695D0
:10A200005A542BD54A8998644A9864519A87499C34
:10A2100055A3344CF20065702C0FD2C14C4BCD4984
:10A220002D47D2E121C92AA52C6AC992AC128571A9
:10A23000120D43968459D8510A93544D4225AB8848
:10A24000491A6587230FD2C1CE29399E0FDFF23814
:10A25000AFE6489A43590E26399CC3490E66399495
:10A26000C6BAA4830265B02E0FD2C1CB2939120D14
:10A270004332E4609E4539524B874119C6521C4611
:10A28000D93024511C466152AA4595A8D69864D568
:10A290002C8C0065B9210FD2C1CE29399E0F5F7376
:10A2A0003CC7737C187224CD913447D23CCEE37AFC
:10A2B0005A49F31465E025EED1C11A0E3992C3391B
:10A2C0009CC339323CA4518E453916E5509643590A
:10A2D0008E84A5344CF261870165F6290ED6C1073C
:10A2E00073381AE4288BA32C196E7194C5D12047BA
:10A2F00059944559A956AAC5D12047599C83498EDE
:10A300006600662F230FD2C11BCE799CC7C3398F3D
:10A31000F378B81387EF3956C7B261CD72288972C6
:10A32000244BF27438663E21CFF1C11BCE799CC715
:10A33000C3398FF378B823599C75CA8A4916A54941
:10A3400096E448960E1F667A250ED2C1CAE1411ADC
:10A350009428CCC2DA70C92A59298B0625A70CD7B4
:10A360003CCDD3E19AA7793A5CF3086709240FD270
:10A37000C1CEF11C19BEE6780E0F831EC7729A0C6F
:10A380008318C559391F063DCEE33C4CF2340467AF
:10A390002C230FD2C1CFF11CCFF11C191EF21D4C82
:10A3A000EA585287DAB36A588B86214AE27A8EE7F6
:10A3B000780E673A290FD2C1CBF16C90B372561B5D
:10A3C000962CCEAA5A75CAC2A42D4CDA4A59392BFA
:10A3D000654D59144659946E490E016765230FD295
:10A3E000C1CFF11CCF91E1214772AC3DCAF2A83830
:10A3F0007CDEC1A40E356B99A4A67A8EE700677F38
:10A400002F0FD2C1CB91341FB321CFF261C9B16CF0
:10A4100018322DC9B229C9A2A45B943425512D4A02
:10A42000D2AC9C95A32C49A35A98446900679C2000
:10A43000EFD1C11BCE59392B0FE7AC9C95877356D2
:10A44000C7F2E16B52879AB54C52533D0768072813
:10A450000FD2C1CBF16C18C21CCFC16147A3E1245C
:10A46000C76BA529C992A64A548BC2286B09B3723F
:10A470001E26799A02680F280FD2C1CBF12C4CC34B
:10A480002C0DA36CD8D16838E9F00E26752CA90CD8
:10A490004312E5788EE7788E47C32D07016837258C
:10A4A0000FD2C1AB86BDA5393828C32D8EE5781AE9
:10A4B000862829A6491C46D1708BF3388FF3388F34
:10A4C0004300683C2E0FD2C10B7328CCA17050B34F
:10A4D000301A142D4EA22456F32D4993362D89E2BD
:10A4E000294986350BD32C4CB330CD86350B230050
:10A4F000684C260FD2C1CFF11C1F861CC9B1E19058
:10A50000E6483A1CD21C4987430EE5C3D7A40E3552
:10A510006B99A4A67A0E68632C0ED2C18B6B512D59
:10A520004CA22C4CA2618892629C4AC320ED48F751
:10A53000A40E49D930643994E550964359340C5AE5
:10A540000E0569FD320FD2C10BA3388CE26438646A
:10A5500061940DCA308851122599340CDA524AA2FE
:10A5600024194E490E46D9B066619A0D6B16A6D9CC
:10A57000B06661046B4C340FD2C1C7C2619072AC3B
:10A580003A24D1B0444914264352CCD16C18B41C9F
:10A590000AC321094B499664519225D99064498E8A
:10A5A00044599A44591CA5016B7B28EED1C1F8A0EF
:10A5B000853912E648581B92AC250AB3A498448901
:10A5C00098493916E55016D6C22C2CC58392A300A3
:10A5D0006BD2250FD2C1CFA1E1A0433936DCB11C2B
:10A5E000191E72EA708EC238AB0D9FB2300DB37473
:10A5F00078477354046C602DEFF1C187F23847A29D
:10A600003A1255A43452B23091B22452A27488AA9C
:10A6100051631695B62811B3288CB23CCAF2281C97
:10A6200006016CA120EFD1C10A07392B67CD59D89B
:10A63000A5BCE970340C61964663B7B412D74345A4
:10A640005F076CD5270FD2C187F23847D21C498BE0
:10A65000C3298FF31C497364788AD33547C21CCA57
:10A66000C2348AC36438C479026CE825EFF1C1476B
:10A670007224CE911C4F864B8EC4799CE7489A2356
:10A68000D13068713AE7711EE7719E0C07016D4F7A
:10A69000300ED2C1AEA4A5308D92618872244AC416
:10A6A000A8524CA2A4298992AC250AB364C8922866
:10A6B00089B2244AA25A2909B3484F7234016D6AFB
:10A6C0002C0FD2C1477224CE916818D2288DD25A4D
:10A6D000380C5994A471929686218DAA5B947509C1
:10A6E000B330CD922CCC543947006D882C0DD2C19B
:10A6F00087D22CAA55A2ACD28E84E1302451928606
:10A70000499A45C39045E990A551360C5196465952
:10A710001A6595384C006DD82D0ED2C1CF91308777
:10A72000B261C8A2584CD2241DA2244CC22CAC2524
:10A73000C3904469386449A996946A8354C7A23C7B
:10A74000C9D1086E38300FD2C10ED3308BB37232FC
:10A7500024C39AA5611487CB104649584AB2304B9E
:10A76000B2684B9241CA922C8C6A61540B9348A9EF
:10A77000E619006E9030EFD1C18A864396847992B3
:10A78000A561320C5196A451960C439854C32419D8
:10A79000862C4AA2CA14C651A598446D49AD2426F8
:10A7A000399C026ED12DEFD1C1CA86218DD2D21033
:10A7B00055A35A341C942887B26818D2280DB36167
:10A7C00088B634CC8621CCD2304BC3AC9223610600
:10A7D000706B250FD2C1CFF11CCFB1629A8569563B
:10A7E0000DA338CC9130C9D12407B31CAB43695EAB
:10A7F000CDA1480705706F260FD2C1CBF11C8F8603
:10A800005B9C26C534512B7118C5799CC7795C496E
:10A81000E3284CB3308D933047520070B9250ED2E7
:10A82000C1CEE11CCEE161907338878643982361E5
:10A830008E8439120E879C18D59AB2248C321D0D45
:10A840007136280FD2C18BF33849872CCA9AA5E1FB
:10A850001225599844591227599267D5300BAB519C
:10A8600098E7A45A5FC2AC027247220DD6C147E2F4
:10A87000344EE3344EE3E120E5688EE6E830A8711B
:10A880001AA77198877996231900725921EED5C1BC
:10A8900019DEA11CCED33C8DCBC3439CE45894431A
:10A8A000598E84799ACA3998E4680C72692B0ED251
:10A8B000C10B73248C93304EC26119943E551229FA
:10A8C0004D6A6194645365D0A24A298BB234AB6659
:10A8D000C55A2909F30872792C0FD2C18BF3384D70
:10A8E000E234C986211AC43489C3281A6E3992CE3B
:10A8F000D1900D835247D2304B4B698EA47192E6B2
:10A90000190073A926CFD1C1B80C4398E3399EE34F
:10A91000D17019A47218C5611487511C46F1924573
:10A920004398454998AE390473B02AEFD1C11F86C8
:10A930006458D2304BC32C2A6651318B4A8312158E
:10A94000B3A898258D691287513CD5C62C4AC252AE
:10A950001A0F740627CFF1C11F866458A26216151C
:10A96000B36108B3A89845A541198630CEE33C1BD6
:10A970008630CEC7704FC3E100751F20EFF1C1CF05
:10A98000B13A56C7EAD0F016E6489AC7399E43C393
:10A990004187723CC7733C1F3E752824EDD1C11A14
:10A9A0000E52580A4B6169384861292C85A5E1206F
:10A9B00085A5B01456D23049A344C712007535237B
:10A9C0000DDAC1CDD11CCD87831496C252581A0E10
:10A9D00052580A4B6169384861258DD3381E86006C
:10A9E00075C52F0FD2C147724A8E0C6F3918E568B2
:10A9F000920CA724CD913457865352AB44499444CA
:10AA000061524BB2484CB2288FB23429C61100763D
:10AA10007B2AEFF1C147726450A21C4A4A599445FF
:10AA2000699225799A278392E650A40C172D8FF30B
:10AA300078B8A73994C5C34302767E26EFD1C1F812
:10AA40003D8773380787839843610E8539140E0755
:10AA50003187C21C0A7328CCA1703888391401765A
:10AA600084250DD6C14AE3B41C0ED33026A19884A8
:10AA70005631CA86218BC42C12633116E36188C516
:10AA80002CC9C10876D826EFF1C1CEE11C1DCE59E4
:10AA9000398CB2E15B1E47611A26C51C8987831871
:10AAA0006551186551186551347C770B270FD2C159
:10AAB00047066D18723C8786838EE4C8F03587732D
:10AAC00078B82671180D8356CE87418FF361D0E395
:10AAD0000C771F220FD2C1CFF11C191E7224C7861A
:10AAE000731E0FE73C1ECE793C9CF36CF898E6D5BC
:10AAF0001C8A007740280FD2C14C73288B87871C93
:10AB0000C9A1E1A02339327CCDE16190E534190679
:10AB10004D8AF361D0E37C18F4380377ED270FD228
:10AB2000C1CAF17018A421C7921C8CC261ECCB3051
:10AB300024617118733CAC256156CAA2AC8EA5C3C2
:10AB40009D0078012DEFD1C11FA6614E73240DB376
:10AB500030CDC221CA32291A8644CA1125CA91A809
:10AB60008E44956189861C89EA4894237538027859
:10AB70006C2EEFD1C11F1EC43CCEB361C8C2A83633
:10AB80002451494A86219292A8524AA25A940C43CF
:10AB90001625513C44491C65799AE89038789F32D3
:10ABA0000FD2C147A21C4AA26C504A69341CA22C85
:10ABB00089C24A140E4932645292439561908A7157
:10ABC000341C94285B87282996CA5AA64329007802
:10ABD000C1320FD2C10F73AC3484511A0D8728AC27
:10ABE000A5613685991225511225A524AA24D3964C
:10ABF00064619644613885955212C54332E4509899
:10AC000000793A1BEFD1C11A0E3A7F1EBEE7788E4B
:10AC10003567616B94C67235C9E11C01793E240F1A
:10AC2000D2C1CACB791C0E6A8EA4799C47C369AD88
:10AC3000144B4998C7799CC7799C27C321CB410005
:10AC400079BB2A0FD2C1CE29F9F09D9864491C4DD9
:10AC5000719225F170C772647888C238CA9AA2616D
:10AC6000886A6154879228C7220079CD1F0ED2C10D
:10AC70004CE3311BE26EC34312D54A252D2A4D2DDC
:10AC80002DC390748AA4B87F0379FB270FD2C14CDF
:10AC9000F3311CD241EC9644D130CA65350A2729DC
:10ACA0004C8A83D2164A991285B99AC7A99EC900BF
:10ACB0007A0B2BEFD1C154862119B234CCD2304B50
:10ACC00093611986308777544986214A8A691287A9
:10ACD00051360C619CC7799C27C3217A972B0FD2E0
:10ACE000C1CE2939323C28519A49C524CEC1E12030
:10ACF0006669980D5118655198B485DD922C8CE2E7
:10AD00007038883914017B142A0FD2C14B7324CDBB
:10AD1000876558A22CCAC224CCB1411C763CC78797
:10AD200071D8F11C1F866818E23CCEE31C1986001E
:10AD30007B52320FD2C14B7324CD876598922C0A77
:10AD4000B3248C92E120E650980C4312E650180D83
:10AD500052186551186551180D529843619E8439F7
:10AD600092017B7E29EFF1C14B7324CD87659892C8
:10AD70002C0AB3248CD22407B31C4A636550241DCB
:10AD800094C338AB4775248C8787047B80320FD2FD
:10AD9000C18AF3611996288BB23009D39C920C4377
:10ADA00098436134486194456194456134486194A5
:10ADB00045619445613448610E853922017B9728AD
:10ADC0000FD2C18AF3411A96288BB29C341CC41C42
:10ADD0000A87839843E1701073281C0E721A0E1FA5
:10ADE000D33CAE87007BB12F0FD2C14B7324CD87EC
:10ADF0006598922C0AB3248CB21CCF866958C23451
:10AE00000B436D18A7304B1AB3A4324CB530C98A26
:10AE100069362C007C982D0FD2C18BF3388C923080
:10AE20004D8A69A20E5A1C0E632CC7D33044496B5D
:10AE300094B426519686591A6669980D4398A509C7
:10AE4000007CFB210DD6C11FA461C772306D1D8629
:10AE50001CCC3131D493E1214EB3A89A3556B2249B
:10AE6000AD037D20270FD2C1CFA1E1A0433936DC4D
:10AE7000B17CF89CC3613E0C39AA83623A1C7428E9
:10AE80004CB3288E922CAC46007D22280FD2C1CF25
:10AE9000F11C1A0E3A94E339323C28612E96C261B5
:10AEA000C8511D14D3E1A043619A45719464613582
:10AEB000027EBF2E0FD2C14B93388DC2388FB26441
:10AEC000CA92211CC41C499321CA0635CF92618BBA
:10AED000B21CD1E12CDB926848B3A4A8EA78007ECA
:10AEE000CF27EFF1C1CBF16C18B21C0AA334CC42CE
:10AEF0006D10A334AC657292C3C3320C518EE478EA
:10AF00003E867B1A0E077EDC2B0FD2C10B7328CC3A
:10AF1000917410DBA244CB8629C9D33C4DD29A341C
:10AF200028B19225C30E85A91446632D1D76288C61
:10AF3000007EDD2BEFF1C10B7328CC917410DBA2E6
:10AF400024CC86241986308B6A61D41A5506691878
:10AF5000A234C7734C8A87304EE261087EDF2B0F24
:10AF6000D2C14B7324AEC7D97089C274D0AA599A82
:10AF700065C3258EA2618BC238CAC12896B2680803
:10AF8000B32809D33587007F162D0ED2C10B732449
:10AF90008DB36190B2388992785886418B7228CBF4
:10AFA00091707848948E4A6B320CD9D23244494F12
:10AFB000952C0F057F512CEDD5C1F8A0833A28566A
:10AFC00094288912298992440B232D8CA4244A1297
:10AFD0002989924489922819531DD4A144C712008B
:10AFE000800C22EDD5C1F810E7680EE6C87090DA43
:10AFF000A2B6A82D6A8BDAA2B6A82D6A8BF224CA53
:10B000009108803322EFD1C1191EC23CCEE3E19CEE
:10B01000C7793C9CF3388FE3414B06251BE41CCFDA
:10B02000F11CCF00804A3EEFD1C138E551A20D4955
:10B03000944449940C49944449944449944449940F
:10B0400044C990444994444994444994244A9444BA
:10B05000439228C990444945CAA23C8BF228CB931D
:10B06000300380542C0FD2C147B268D8A22C0A9367
:10B0700030CAC1211A86A85A4AD3212D25C3254A90
:10B080004B5A120E61924959392B4769250F80FDA1
:10B09000300FD2C14BF3282B85516918941D4B7288
:10B0A0003C4C86294CC26C50C21C1AA62C0AA35ACE
:10B0B000188DC314875198444914265938088111B2
:10B0C000320FD2C187E2212DA5A5E1A0443938E491
:10B0D00060944561944449A99245D19064514B9440
:10B0E000942AA524AAC451258E2AC3A0443A9200CA
:10B0F00081EA1509DEC1CCCBC321B70F075D1F0E56
:10B10000BA7D38E8018282270FD2C14C73240D87A3
:10B110008F698EA439797847D21C497324CD913434
:10B1200047A22487B21CCBF11CCF110082F9210F5A
:10B13000D2C14C73240D878F694E1E1E7224C7DA4C
:10B14000A32C8FEA603E7CCFF11CCFF11C83DC2462
:10B150000FD2C14C73240D878F694EC9C1411C7633
:10B16000AC3DCDC11C191EE2A40E356B99A4A67A84
:10B170000E84DD29EFF1C14C73240D878F690ED544
:10B1800091A88E44D1B04595384AB29C3C1CC42845
:10B190008BC2288BC2288BA2E10385CF300FD2C18E
:10B1A000CDD2E16B16E568140E2FE5344986245D97
:10B1B0004AC56448A26448A2A4962443524BDA4A82
:10B1C000492D2A0D49539C29711A884C250FD2C14B
:10B1D000CCF16818C21CCEE128C773381A4E729A97
:10B1E000C46114E7711EE7711EE76192A729008808
:10B1F00068260FD2C1CFF11C191E7224C77368389C
:10B20000E8508EE7C3D72407B3AA98A4491A4A3551
:10B210003989451D02898122EDD5C1F81066399220
:10B22000A5C341AA456D51341CE47C7808CB613C30
:10B23000E5D80E49DB9E0089C62B0FD2C1CA29D999
:10B240003084599A0C525A6ACCA26216D5A62E4D59
:10B250009528E9314DE2308AC328CE4A591446591F
:10B26000120F89C8260DD6C1CCD2284BA36C50A290
:10B27000B62809D31C1B8E799815B362568C922878
:10B280004F72A81869E13C0889E32E0FD2C1CBF1B7
:10B2900070D88630CAA2306A4C5A06250B93629A3F
:10B2A00094927490062D694A93623A28C31025C57A
:10B2B0005212760BC50C89E6300FD2C1CAE33C1D91
:10B2C000D252340C499445A541895A9A5A9A4A83D4
:10B2D000320C51D2D4524C0731C992625449864340
:10B2E0009225B1A643008BA1280FD2C187F238471F
:10B2F000D21C49733CC7D321190E599A23698EA4D5
:10B300003992E6489A23B51C117324CDF1148BB001
:10B3100024CFF1C1CA29D9B0E6488EE77834E44891
:10B320009A0D6B16A6598ED5B13A96943329CEC292
:10B3300061088BBA29EFF1C187F23847C2240F9315
:10B340001CCC72288D8624D79AB328CF921CC9743E
:10B3500028CBB1A41A4A69180E0B008BBE27EFD177
:10B36000C10A07392B6775AC0EA5C390E468340C8D
:10B370006916A659398CE2244A723147C224C7CCD7
:10B38000BA008BC429EFD1C1CA8621AD23690E460C
:10B39000752889A2214BCA698E24C3214B7324CD01
:10B3A000915A8E883992E6788EA7008BDD290FD2CC
:10B3B000C147C37C08B3218F733CC78687388FF39E
:10B3C00038CF8621CCD2304BC3A41A4A69980D439A
:10B3D0008EA409008BF4270FD2C14EC3D6AC5CC734
:10B3E000862147D26888D2525A1A86344CF230C924
:10B3F00093522ED54A59351DC21C038C37230FD2C8
:10B40000C14C7324AE85AD5198E460964369AC4B52
:10B410003AA80DE73CCEE33CCEE3E19C67008D2DDE
:10B420002E0ED2C147E2418AB3284E4AC3D235E933
:10B430009A54A42C69AB348549531225DD922C1BF8
:10B4400094288993A89E646152C722008D34300FDE
:10B45000D2C1C7D2414CB3304D8A69521C94C63414
:10B4600029A649314D2AC31025AD51D21A666996D5
:10B4700044691625699425C390C469028D772A0F03
:10B48000D2C1CCF11CCF066D58E33CCEA361480677
:10B49000392B26598ED4722459C22CC9C22C0907C3
:10B4A00029D1C16878278F6C280FD2C1CAE33CCE5E
:10B4B000C36119862847D2242D45C3B71C097328B8
:10B4C0001B86704F8630ABA4495C2FE719008F6F45
:10B4D0002B0FD2C14B7324CD91341D8668D0D2304E
:10B4E0004BB2A6D661CB913447C2249F926C109385
:10B4F00030CACA59394A2B79008F7D2A0FD2C14CE4
:10B5000073244DB26188AAC5E15B9CC751320C52CD
:10B510002D8F5A936C18A224AE0F5934AC49B12622
:10B520006669008F912E0FD2C1CAF170189B8625D3
:10B53000CCD2614B72304A860F499866C39A85E92E
:10B54000324C43166649160D5A3248698EA4391298
:10B55000018FC723EFF1C107D31C89F338190E39C6
:10B5600098E3D910857156CECA799CC76912B7E4A1
:10B5700060361C028FD42BEFF1C147C37C08A32196
:10B5800047A21CCFF1615086280EA3244BA34A1C6E
:10B590006579548993284B936A96E460361C028F30
:10B5A000D826CFF1C1CA86418CF33887733C1D423F
:10B5B00025CE92288D6A619215D31C497324CD93B0
:10B5C0001CCC8643008FD928EFF1C1477224CE915D
:10B5D000344792E18EE650980D599487499EE6488B
:10B5E00098E459394A2B7198E460361C028FDB29A4
:10B5F000EFF1C147A2B41487511C0D830ED5C128A9
:10B600001BC2284E864316467118C559392B47610F
:10B610009AE460361C0290012A10D2C1CEA3B4284D
:10B6200066719E63C31D4C873847E21C49868316AA
:10B63000E7489AE46116676998D4A32C87D4E1108F
:10B6400090022AEFF1C18786301B7224CD9134C756
:10B6500086430EA5439A23D130A4515A4A4B6969B7
:10B6600018D2280D931CCC864300905328EFF1C1CB
:10B670004EC35A9CE3C97087727418A2214A4BC307
:10B680009046696918D2282D0D431AA5619283D975
:10B69000700890A328EED1C119A6418B6AA5C6A84F
:10B6A000699892346A8C9A86292BD54AB5288B944E
:10B6B000AC9464511285B51C0E0190AE2F0DD6C10D
:10B6C000CBD170D0C26C189428892A5112554A2DBA
:10B6D000511255A26418924CAA645225932A4AA981
:10B6E000521A86244C931C0D0190E8300FD2C1CB26
:10B6F00029E9A00C8392E55894855131CA926838A3
:10B70000483918E560160D531685511685919285B6
:10B7100051120E531C46391E0290FD300FD2C1CC7F
:10B72000F12C199461A985516B9245C97050E2348E
:10B730000AE3281BA62C11A34C09A32C1A26250BBF
:10B74000A3242CC5C314875108914D30EFD1C138C3
:10B75000E458920D629247C39046496B94B44649AF
:10B76000CB2025C992456212A7493C0C499C26A9C9
:10B770009AA4C3200D439A23009177370FD2C107B3
:10B78000B36188923409933409076518A2244B3AAF
:10B7900065496396B40C8392EC889823693428C376
:10B7A0001065491A65491A65C930448392465902A1
:10B7B00091CC1DCFF1C11A0E621F8783D8C7E1A0BB
:10B7C00043399E43C34187723CC7F3E10394AE29DA
:10B7D000EFF1C1CBF16C18872C0AE328CBA3CA90F8
:10B7E000456929CD866998B234CCD2304BC32C4DF3
:10B7F000A22CD5AAD17094FE2BEFF1C1CA91340BC3
:10B80000D3294BC3645872241DD2244AA2250A2B83
:10B81000C3410A7B1C06296C89C2504AB230CA86D1
:10B820000195012E0FD2C18BF32CAA0D511265691F
:10B8300052CB913019926108B334CCA2CAB044C53E
:10B840002C2A6651318B8A4996C45A354BF302959E
:10B850002E32EFF1C1CA913447D24519B4304BA210
:10B86000741894210993B668D0A22D1BA464D0A2A9
:10B87000244BA36418A42C4C9362AAD4A1241B8645
:10B880000095ED250DD6C1C9E164B8A3722887CA19
:10B89000709143551493508B42290B95301493505B
:10B8A0004D7528D1B10496322E0ED6C147D241AC87
:10B8B00085A5643844599C847194C551362C59141B
:10B8C000265914265914264A1626B534492B619652
:10B8D00044599A019644330ED6C1CFA241CAA22C34
:10B8E000CAA2C6A8651892488C22258C5AA25A1260
:10B8F0002551964449942561A444619464619486D9
:10B90000511A25519A650096642CEED5C118C2349F
:10B910000AD3244CC224AB6969945406650AD3281F
:10B920004CA3641814254C932CA985515B4B9A6445
:10B93000491C0396F62A0FD2C11A0E3A9423C383E8
:10B9400092C6D2922C3992634BB243498E99A5503C
:10B9500052536D18743C87A41CD529290097622C7A
:10B96000EFD1C1F839C77338078783186551186557
:10B9700051180D52186551186551180D521865511E
:10B98000186551381CC41C8A0097F3200FD2C1CE11
:10B990002939341C747A9A43593A7C270EE73CCEF5
:10B9A000E3E19CC7793C9CF30C987522EDD5C1F876
:10B9B00090E6608E0DC73CCC8A59312B66C5AC1819
:10B9C00025511EE54898CA910E250098912D0FD259
:10B9D000C1CBF16C1894729A6C71920D43946469A6
:10B9E000320C521D898A59D4D2D4D2D4D22D09B363
:10B9F00024CF8A5A9A8879009F202C0DDAC1CBA1D6
:10BA0000718872281AB221CAA13A140D079D524AB0
:10BA1000A2962889C2521225514B942462458992DC
:10BA20006CC8D4000000BD000504060605060730FA
:10BA300040FEF323F725FA06560D882877200600E6
:10BA40000041272110C568C128F8800B7462FE3FB1
:10BA5000F8800222298F336B2B28459512482981C3
:10BA600018128821811812882181181288218118C2
:10BA7000128821819821C619629C1100235FDE384B
:10BA800041722386C071461C864062082466C461E8
:10BA90000824864062461C674062487A808D07D839
:10BAA00078802562461C67C461082486C071461CE4
:10BAB000864062487A808D07D878802562461C6768
:10BAC000C4610824864062461C864062082466C41D
:10BAD000710624864062081C6738002466182BB75C
:10BAE000ED1256261573E801611E18A610310A29B9
:10BAF0004510CA085206318294418C2045142318FF
:10BB0000318211235829829D21DA6A8E3DF55873BE
:10BB1000AB0962982885895298308409434231C222
:10BB200028230C09C508434231C210518A28451800
:10BB30002288190F94F2C0380F84D420A9C2CA16E3
:10BB400000258368293F761FCEC0C15623ABB1B113
:10BB50000C298AAC624A1AAB9C82062B88A0C10AC7
:10BB60002267B482C819AD2062862B8814E20A22AB
:10BB700065BC720A19919C424634A490315B1974D9
:10BB80009561CC3A8610650769938C42CA1CA398CC
:10BB900012072987C441082A6F1482CA1B85A0E2B4
:10BBA0004629A83462082A6D1C820A2387A0C2068F
:10BBB0002A87B0918A296CA8420A1BACB1D1541BC8
:10BBC000D038C20126646039BF320B3BD5261F3402
:10BBD00086C082C823893C92C82389BC72082CA6DF
:10BBE000C4428A34C1D065D145A9A494CA61A818B9
:10BBF00023CC29A610634A29C694EA1852A1330A15
:10BC000029E908528A328294B24C20A530554A4321
:10BC1000A6B8738A33C730744C5AE601661E20C238
:10BC20009C57CC61C8AC4001270D85636B29788196
:10BC3000FEC21053002820C84AB56899082183D055
:10BC40000621D4288310DAA8FF8FD04821748510EC
:10BC500052462165022928C84AB5281885945108FA
:10BC600021651442A8420845CAA808FD7FA31A848A
:10BC700050A30C42A8410821A30C320A002A32D357
:10BC800064E16F911029E490411019248D31D60898
:10BC9000A389208E28A53CF08D21CC296D84B14844
:10BCA000206A8C91C82087147246192A9460002B50
:10BCB000135DA7C1781B7AFEAF3DF007581B7AFED3
:10BCC000AF012C150923B5E630A390320AA908214B
:10BCD000859042CA28A4002D090C215528F881011D
:10BCE0002E088551C126F8002F34CF29BB291B8B84
:10BCF000ACC1C6226BB0B1C81A6C5A640D36165965
:10BD0000834D8BACC1C6226BB0B1A835D858640D39
:10BD1000361659834D8BACC1C6220B00303C162918
:10BD2000C1AD518BA10782792094720C29A88CA2F5
:10BD30008A20AB08C248288C84C2F4FFB112082BB9
:10BD40008130220823A2A832882AA3A0428C31E5A0
:10BD500081705C624B41A1003118CD68C1ED31E6C4
:10BD600014449258E10112D440C59C82EAFFFF1F9F
:10BD7000322DD538C3AD51A99D571E10C49C224CFD
:10BD800022A2A8128A2AA1A8128A2AB0820496574F
:10BD90009E79D533CE7EEE38BBF7C01F48334116AF
:10BDA00029C1AD51CA9D078279401073CC28A9885A
:10BDB000B288288B88B24A2492C4028B3B4B31E470
:10BDC0005253F0C82A165962898A29B6D65A44981D
:10BDD00054C431673C30CA03E138A5605800343D93
:10BDE000D818C1AD33F182E825A71C09A511515817
:10BDF00011859151162145155214292511535031A1
:10BE00000591530E41C514540C49A5105548518550
:10BE10009055C803FF807965D61F01353C1539BFA1
:10BE20006D78608C07C678608C07C628B0FE043237
:10BE300025A8F28020A8946150114511415609842B
:10BE400091482F2696965A2414558439853C20C84B
:10BE500003E1B4A4A04800364E1729C1ED51ABA5AB
:10BE6000774E29A6A0424A2AA42832CA22A34832E1
:10BE7000E9C84164A852441B25B891CA112715612D
:10BE800056096695501A09A591501A09A5A9464266
:10BE90006944904644594518458839A63C20CE4B04
:10BEA0008D25191600372AD538C12DF8075224B030
:10BEB00040022B4860F50A2C90C00A1258BD02AB14
:10BEC0005760790556AFC0F2CC2BB0BC02CB02381C
:10BED000481629C1AD59E999070479800C738C3053
:10BEE000C984B24A28AB84B24A28AB84B28A208B78
:10BEF0008C920A31C598979662E999620C29A988B3
:10BF0000B288204CB5FC580965956090190F10F265
:10BF100080302FA918140039431629C1AD59C99D85
:10BF2000074279600C838C28AA08B24A284C7FCB40
:10BF300004B24C28E984639078A08C160A59A29820
:10BF4000434AAC229124164156114495515221E5A1
:10BF500094F280300F35A56258003A0B0556C12681
:10BF6000F83EE80F3C3B198837B5A628A3DE8719B1
:10BF700023CAA844196510420621141905003C2261
:10BF80005DA6C5F816B8D8339144F34C342F7AE641
:10BF9000A9050F6D30C2271F8CF0C118BE32D9021F
:10BFA0003D0F1DA3D338F807D887371FF8030C3E81
:10BFB000245DA6C53810BBE083B18B30C2271F8C2F
:10BFC000F0C9458F6BE835CF44F34C24D13CF4588D
:10BFD00092C5063F29D518C36C51AA9D0702794026
:10BFE0008C074830C984C18A10ACC01A24B0BCDAAE
:10BFF00023AF0649A4EF43B2C0BA04004097EA3A1F
:10C00000313854FD01711F30F301F5924AEDC0B390
:10C010000C35C9DC824A2EA6EC420A2FA424338AAE
:10C0200021A320158A29A29C07C421821C43D02168
:10C03000829C72CC51A620739429A91C65882A473A
:10C0400019A2CA5186A8725429AA1C558A2A4719CE
:10C05000A2CA5186A8729421AA1C128A29A99822E0
:10C060008829C898228A29069132CA29E48141C8C0
:10C0700061829572D458C62063122AB6ACF281311F
:10C080001F98F341391F14B5447DC0D8074A7E403C
:10C0900070E6004153E21841B233DC6CA4514E59B2
:10C0A0006112CA2DA258324A2DA4D042CA2CA5CC66
:10C0B000628A24A7C4820A2CA8BCA28A2BAA38B2FE
:10C0C0004A2BACB61E48EA81941E50E9818588242B
:10C0D000A7C8628A2CA5D0420A2D84D4328A2DA208
:10C0E000D8120A56B800425EDA4841307860A0079C
:10C0F0008A79E09007D028EB8CD28C28AE88F28821
:10C10000288F88F288288F88F28828AE88D2CA289B
:10C11000CB90074C79809C078A79E090B2CE28AE0C
:10C1200088F24A28AF840249289084021524A1BCD1
:10C1300012CA2BA1B413CA42E201341E38E40153DF
:10C140001E200700433C5A393FB00B74B5971E20A0
:10C15000E601434E32A4B4228A2BA23C120A24A147
:10C1600040128825B5FECF52B640220824A2B8322C
:10C170004A2BC328531E28E781911E088C4DB1001D
:10C18000445EDC4841317820B007487AC09C078E75
:10C19000290A95C20E29CE8CF2CA28B088028B28B3
:10C1A000B184124B28B184224928928422492892D2
:10C1B00084229524A148128A24A148124A2CA1C4A1
:10C1C000124A24A2C022CA33A2BC328A33A3B0438B
:10C1D0008A42E581631E28E801921E080C00451E74
:10C1E000D648C12EF80F8C58FFC5074C78C084077D
:10C1F0004C78C08412EB7FF1813FD000461BD448BD
:10C20000C12DF807D4ABFFDE03243C40C203243C1D
:10C21000404279F5FF7B0047505E393F320CB7BD95
:10C2200007047B80A407CE39EA14E30C29B08C22E2
:10C23000C9209388928926B91E7B60B007067B606F
:10C24000B0070655B404424B28B384324B28B38858
:10C25000228B30B18C12CB38AF90D34C79409907F8
:10C26000127AC0AC5705034813DA4841312850FF11
:10C270003FF8C07F2041FDFFC102490AC548412661
:10C28000F8FF01054A221539BF2DACFFFF7F9084CE
:10C29000B248288B84A28A20C988720C792094071E
:10C2A000C2614A3DA1004B58DA48413028CD88C2CE
:10C2B000CC28CB90A24C29C99882CC29A83A251524
:10C2C00053542965156256198615615A09C6ADA7DA
:10C2D000E07ACC95705A1187957156216695625413
:10C2E000292715735039E714744C49C614654A510F
:10C2F00087947546614794664471269467004C1094
:10C30000D448C12C28AFFEFFFFBFF7C01F284D74D3
:10C31000E348C13540F4CD07C27C40C407467C6089
:10C32000C407C87BA03C1254208F04154A2B410936
:10C33000D288508234229428AB0835C822438D928B
:10C34000CA50A3A4321421891045CA2944917248C5
:10C3500051851C5254A98A32A410A30C29C4285315
:10C360004631EA90418E3A4494A34E09E5284402AE
:10C37000410A25A4D2492A9DA4D2494A15A554515F
:10C380004A554E4ADB48C131388FBDE65C73EDB18A
:10C390000F84A542592A18A544514A98A486416A97
:10C3A00018A48839AA94A38A31CA14A38C29EA94C0
:10C3B000A28E210A99A190192A19A154114A99A073
:10C3C00056096A3D10D8D73CD71E7B074F481F3906
:10C3D000C1726AF001D11E20EB0193CC32C73453F5
:10C3E0000C2CA4C432CA2CA2CC2248258254124A56
:10C3F000D57FB5045289209588328B28B38C120BD7
:10C4000029B194F2CA29ADA0934E7AC0AC07887BBB
:10C4100072E5F0005029D748412F78E881511E2855
:10C42000E301234A42A1B0124AD33F564249283C75
:10C4300060C403653C30CA4345D6FF2701516022E2
:10C440003941B362F301011F20EE01C3CC32CA347B
:10C45000830C2CA7C462CA2CA5CC52482585544213
:10C460004A2DA3D4324A2DA3D4324A2DA3D4324A22
:10C470002DA3D4324A2DA3D4424825855452CA2C28
:10C48000A5CC624A2CA7C482CA2BAA34A34E3AEC8C
:10C4900001138E79A0A107967A203D1101525AD836
:10C4A00048412F7820A0074879C08C078E28EA8859
:10C4B000C24C28AD84E248288E84E248288E84E26B
:10C4C0004828AD84C28A28CA8C070A796098074830
:10C4D00079A090A2CC28AB8CC28A28AC88C28A28CA
:10C4E0008D88D28828AD84D24A28AD84E248288E2F
:10C4F00084E248284E7B0453495A393F300B94B1AB
:10C5000007427A609C074A29AB90D2CA208F0CF26E
:10C5100088288F0C62892DD550341774ED81C01E88
:10C5200008ED41454F2DB6D45215D46009E511519F
:10C530005C114719F2C0290F94F380584D8A060008
:10C540005411DC18412FF81F38ABDCFAFFFFFF183D
:10C550000055311C49BF312852FFFF4F925024092A
:10C56000459250240945124162112416512019E5C3
:10C5700015529A214719F380410F10F580688D8E6E
:10C5800006005653DD18C12F2873C9124A34A1C4BE
:10C59000220C2CA33C33CA2BC4B8524A33A5B46234
:10C5A0000C2BA72C73CA2AC8A8924A32A95A0595FF
:10C5B000558E59E594564C69A514574A7985945778
:10C5C0004681659458448925145942996A269A2AC5
:10C5D000AAE75A0B005797ED18C13728CE3CE54E15
:10C5E0005BEEB4220A43AD88C2502BA2B0B40A2934
:10C5F0008B04B20A29AA04B20A29AA04B248298AD9
:10C6000088928A29890C928A29A80C928A29A80CD6
:10C610009208A248390595430A390515530A394449
:10C6200011434C294511430E294595420E294515C4
:10C63000520E298411425019859541121985954150
:10C640001219C411511219C411415409C59540164B
:10C6500009E4A9450281889140206A08A276E4692C
:10C66000471A77A479859657288145015851DE28C5
:10C67000417130D00CE34C31AD18C3CC31CA249396
:10C680008A32C82C734A2BA638430A34A3C4228AA0
:10C690005C5455640F3617D554D52CC1C4324A2C7E
:10C6A000C3BC524C33A6B472CC2AC9522595654EF0
:10C6B00069A61867487966946882896C1A5939DEC8
:10C6C00018413030B30413CB28D00CF34A31CD9845
:10C6D000D2CA31ABA4B24A32A9AC920A2BA73453C6
:10C6E000CA2BA53C334A2CA3C812CA2C81D454D1DE
:10C6F00035B9FE7F0C005A28D928C16E78208507ED
:10C700005278208507D2B4A44D1E699347DAE4918C
:10C710003679A44D1E6993479AF9C03FA0005B117A
:10C72000495BAD29780091FAFFFFFFFF9107185C84
:10C7300025CF29BB29206CC6089B18613346D8C475
:10C74000089B18613346D8C4089B31C22646D8C41A
:10C75000089B31025D124A5B2D2A78A094FAFFFFF4
:10C76000FFFF95071E285E4598C741B822949A4658
:10C770001A298488430C38C478838837C870838C1E
:10C7800036CC60C30C269058030D35D050521A6A2F
:10C79000A0A1C6196C98C186196C94E106196E1097
:10C7A00001C5187088014718D292035F09D8003577
:10C7B0002CF8030C601149F2FA252885945288213F
:10C7C000669C618819613695263FED0A8EA1571E39
:10C7D00010C39C324A2A82A812CA229142AD3C1050
:10C7E000C60343205382492514A5964E2D65423930
:10C7F00028BC400613842442905800623416393F06
:10C800002E28B1FE3B2195914A096D3C50043A45D2
:10C810009C5482592498A5986AF9C71423C1A81278
:10C820000E2A0219231E20A30446CA4032240063A4
:10C830002B9426BFAC0A6E21571E08A31C134A2A4C
:10C84000A12812C8CA5EFD2D12C822A1A4124A2A2C
:10C85000A29C421E08C521E54202643617293FAE5C
:10C86000ACFF99340A61A20C178A302689825028BD
:10C87000EA84B24C206C6BFAB5120833A12C138AEF
:10C880003AA2A4338A49E401525828078DA2020330
:10C89000653396263FED0A7025771E10A4A04288C6
:10C8A0002AA22C22082B8130C51EF80321D6246130
:10C8B00025105642516594544839A53C1050530AEE
:10C8C0000A050066191019C1280B2A195556298B1B
:10C8D00030B2EA9D17BE5256FDFFDF01674397282D
:10C8E0002FAE51A29016CA78A088829020EA84B216
:10C8F0004C206C6BFA6B2510664259261475444126
:10C90000489C92860BA52C51CE216452A2AC22CA1F
:10C910002AA2A8424A2AE414631E088935840068C2
:10C920001BD538C12D28B0FE271429A189078838C6
:10C93000C704934A284BFFFF5B05690DC538C12525
:10C9400078A07C401EF81F6A14492B2D27A9FB50A4
:10C9500029A4FEFFFF1F69E10833006B3CD3384177
:10C960002C28AEFE87D631A118234A31A31043AA42
:10C9700052463145945342412A25A5D24225985327
:10C98000843165145386298518528A19C594518CAF
:10C9900011E59850D04A056C0AC538C125F8FF0149
:10C9A000056D4F2536C335282399544A60848D0779
:10C9B00088700299128829C2A4934A30E9A412CA45
:10C9C0002A8B84B2CA22A1ACB24828AB2CB5CA5279
:10C9D000AB2CB5CA52AB2CB5CA52AB2CB5CA52ABB4
:10C9E0002CB5CA52AB2CB5CA52AB2CB5CA52AB024D
:10C9F0006E191536C32D28429112D8788088734C51
:10CA000030A984B2F4FFBF55006F2F572641EE5175
:10CA1000CBA1078229C790928C28AB88C24A204DAF
:10CA2000B9FC3912482BA1B012CA2AA32443CA3137
:10CA3000E68180DC52312C00703597382F2E282368
:10CA400099121A79A00C748C38A908B34A30AB84B7
:10CA5000D2F45F23C1AC12CC2AE1A422D031E2810E
:10CA6000324A68A48C648A11AAC8FA93007131977B
:10CA7000282FAE49A31026CA78A008739028E9840D
:10CA8000B24C286B35FDD74A28CB84B28C28E908F4
:10CA900073D078A090168A49A3A8708AAC7F7215CB
:10CAA0000D36C128284385071E60E418730AAAFFC3
:10CAB0003F0400733093263F6C0A6D1D471E08A289
:10CAC0009C224822822422482282BCE2105BA9A137
:10CAD000A65433AEBCA4B2544239263C20C6338B94
:10CAE00089040074190E183F280A6BA47AE581079F
:10CAF0001829A9FEFFA9549241490C00751B55360F
:10CB0000BF2D284BFFFF5B2594648239473C40448E
:10CB10000B852851905800763A1816412D284E3929
:10CB2000220A2BA2B032CA22A4A8428A22A6A0625C
:10CB30000A22A81C828A29A818A24A21AA10C2087F
:10CB400021AC88D28820AE04E212C4A29146160518
:10CB50000077652516C13328EAACA48E2A81A8A3E4
:10CB60004A20EA28220A2281A03208228120420893
:10CB7000228120428A2183985288218318DA2086D4
:10CB800098420A21851C4248218420424821842061
:10CB9000428821832422C821822822C82182282277
:10CBA000081A822C9410430931945033CB38B38C3B
:10CBB00033CB3CD20802783B1816416D30AB8CB2B7
:10CBC0000A29A91473CA31A5A452C82AA32C134A4E
:10CBD0002B813C144F34D244F4542BA230328C2A93
:10CBE000A4A462CA29C798820C29AA8CC24A28CD5B
:10CBF00000794598182D2D284E39220A2BA2B032E3
:10CC0000CA22A4A8428A22A6A0620A2AA71C828A53
:10CC100029A994924A21AA90B2CA20AC88D24A2863
:10CC2000AD04E2D44310C513CDAC26996592594D9D
:10CC300032CB249434007A241226416B7840840746
:10CC4000447840B4C20A33CBB08A996558C5CC3217
:10CC5000AC62661956B5073E90007B2C104C29EC4F
:10CC60002AE920748CAA565984D17FAB2CB24A325F
:10CC700008A1934E42CAB0C2082B8CFEC70A23AC4F
:10CC80002CB3503AAB007C09027D2728F80F387D81
:10CC90002D104C292C28EB24B4CC2A8CB0C2E87F70
:10CCA000AC30C20A330AA50B216452596495451869
:10CCB000FDB7CA22AB2873103AA92C007E14590183
:10CCC000556D39898C368C78E088429A28E91000B5
:10CCD000A00600004127A11285782D297840413116
:10CCE00086980BF4FF7F0100A256543933AD1372BE
:10CCF000441127178450EBB8F24020A51C51CA08F4
:10CD00004494224409C408A1CA38A508548A40851D
:10CD10000C5488488588548848650855865065882D
:10CD2000520211C2945082302594204A19A618F25A
:10CD30004C434A89119C88230A29E298C101A32EF9
:10CD40001829C16D0B72AD871E10C61C534A2AA448
:10CD5000AC32CA2AA3CC7AF081801E08E881B0CA1E
:10CD6000ACFF1F7C0085075078000500A44C9A2674
:10CD7000516F083684414718728C514C998412E3E4
:10CD80003C3092214611441251040D36CE70C30C32
:10CD900037CC70C30C37CC70C30C37CC70E30C3677
:10CDA0001051241144D221E73C500A114A10328A12
:10CDB00029630C3984A02200A539DA18412E2850A5
:10CDC0003D138A2BA2B8320A2BA4B0528A2AA6A8F5
:10CDD000720AAA25724A51E681521E386499328A33
:10CDE0002BA23C120A5411A5073E7054A9F5FF1658
:10CDF00000A60D827B2D28F880620F3CA000A7447E
:10CE0000522B2F6B0A4D1D561A294710D2EA9AC58C
:10CE10000E430B31845671A410238A29A120120AD3
:10CE2000528884824828A70453CA38C1906694CA9D
:10CE30001662A799561C5D2B22A4324631A4159682
:10CE4000CE01A80A0E017F272844470AA97D64392C
:10CE50003FB543D9D107063CE8B4E2CA2AB0244220
:10CE6000C921079DC93033CA28CF0C328A21A68C2C
:10CE7000314A41C40C214A51A40C214A51C4883082
:10CE80004A51C414436A31C412432C29C512432C9D
:10CE900031C412436C29641133822845112384283C
:10CEA00025152384300511338630A51823C828CFD3
:10CEB0008C220E3BC20C849040C38E34E8580492FE
:10CEC000465A81C618EA327200AA2F9115D929490B
:10CED0006795420819679071C6136E1C551829652D
:10CEE0000C72C618688C81C618870C520A49619466
:10CEF00023460A1FB0071E20AB28D344C7AD2185A7
:10CF0000CE90422B859442570A2985664A21869401
:10CF1000624821A61462482986146268851C52085A
:10CF2000AC0B1A23532FF807C69D7FAE8464393F9C
:10CF3000B543D9D107063CE8B4E2CA2AB02442C9B5
:10CF40002184997146716532AF0C32CC40858C31A9
:10CF5000CE50A30C21D050A30C21D050C38830D088
:10CF600050C39434103925B944525324B944D238AB
:10CF700005913421922654D048E38C20D048E30810
:10CF800021D050C30821D050A38C21CE50A3083209
:10CF9000CC50838C22CC50830833CA50440834ECE4
:10CFA00048838E452069A415688CA12E230700AF05
:10CFB00009CE007F27F80003B017CB22F1E728E560
:10CFC0008C298C520E754A19618C314E290300B19F
:10CFD000175DA7C1781B7AFEDA037F80B5A1E7EF62
:10CFE000C31B0FFC0106B21E8E14E32831460D262A
:10CFF000482161181286218AA8A108AA1041152289
:10D00000E9810718B321CE24612931460D16482144
:10D01000611CA28622E69C92CEA29641C72851C4EA
:10D020002229850300B4124932FB2529849042A8A5
:10D03000320A21A40C0300B672D62AB1ED79E501BB
:10D040004150112615515411641541561164154172
:10D0500056118315415611641541561164155154EA
:10D06000112615715011AA14D144114D14D1441137
:10D070004D14D144114D14D144114D14D144114DCE
:10D0800014D144114D14D144114D14D144114D14F7
:10D09000D144114D14D144114D14D144114D14D12A
:10D0A00044114D14D144110300B7088541DD26F821
:10D0B00000B8150C2329E6104A52A7205410492322
:10D0C000954282128800B90F8824632721A3841512
:10D0D0008C1865FE1FBA319125596A3149194228C9
:10D0E00043C640431044C250230C35C250230C3574
:10D0F000C250239034C440440C34C830C3AC83982D
:10D10000F8603DF00001BB25D344C72D2085185A97
:10D1100021871462688598528829A41852AA4295DA
:10D12000426A85CE9042CF90421900BC75A229BFB9
:10D13000331E8BBCB18A23CAB89150236988D1862B
:10D140000A64B001071B70AC11C71A71A821871AB5
:10D1500072A431072273A041C721749C51871976AC
:10D160009881881A652422072A712013071261C04A
:10D170008146188F9C21C61B678CE1C81164B87169
:10D1800006196D9C51461BE78170067A209C811E12
:10D190000866C4B1461C6AC891881C69CC81C8065F
:10D1A000BD6B6229BF731970A8F248326F20E44644
:10D1B0001A62B89102196DBCC1C81B6CC0B1081CC1
:10D1C0006BC4A1861C6AC891C61C88CC81061D87C9
:10D1D000D071461D661C93861945BD51981B8590DC
:10D1E000C28619862C5288216B40A2062C6A40A266
:10D1F00006246BB8B2862B8BB4C246236DB0E2C650
:10D200002A6E30570673643437C806BE786419BF77
:10D2100073396FA4D506626C20528A22681CA2C69C
:10D2200024894C92862C89BCA306346A4474482510
:10D2300067E05108236894E1061A8438520A19AF4E
:10D2400091818659651C828E19A750620C1DC74CAE
:10D250006246187398218624658C21871963C461FE
:10D2600006199094098E32CC78A43C10D6300F0465
:10D2700045CC03410D38DA88A38D38D89063113935
:10D28000D6D000BF279538AD6C2AB0EE4392447AD1
:10D29000B0BCCA59AEBC0A1258C74630AA84738AB9
:10D2A00078808C07447988AD7300C060621C41723D
:10D2B0002ABE78F289279FFAE383303E7CCD70B393
:10D2C00091463965854928B78862C928B590420BCF
:10D2D00029B394328B29929C120B2AB0A0F28A2A8D
:10D2E000AEA8E2C82AADB0DA7A20A907527A40A5E2
:10D2F000071622929C228B29B294420B29B4105219
:10D30000CB28B688624B2858E102C15C621C4132CE
:10D310002DBC74CA934EF9E9C3E70C371B699453CB
:10D32000569884728B28968C520B29B490324B29D4
:10D33000B39822C929B1A0020B2AAFA8E28A2A8E8B
:10D34000ACD20AABAD07927A20A507547A602122AD
:10D35000C929B298224B29B490420B21B58C628B1B
:10D3600028B68482152EC266621C41B233DC6CA4DE
:10D370005126826022C82584D861461D687CF890B9
:10D38000E166238D72CA0A93506E11C592516A21CB
:10D39000851652662965165324392516546041E5D1
:10D3A00015555C51C591555A61B5F540520FA4F41D
:10D3B000804A0F2C44243945165364298516526837
:10D3C00021A496516C11C59650B0C205C360A21B32
:10D3D00041322B645424466575085407291F7ECDBD
:10D3E00070B391463965854928B78862C928B590D8
:10D3F000420B29B394328B29929C120B2AB0A0F2D3
:10D400008A2AAEA8E2C82AADB0DA7A20A907527AF1
:10D4100040A5071622929C228B29B294420B29B474
:10D420001052CB28B688624B2858E102C464A31B73
:10D4300041F22AA4D4424A2DA4D4424A2DA47CF815
:10D44000C9D24D3F1BED94552EA16022CA2D83DC1D
:10D45000324A2DA4D4520A25A6CC728A24A8C4929A
:10D46000482CA9BCA2CA2BAB38C24AABD803683D32
:10D4700090D6032A3DB052890511594E99C5945949
:10D480004AA9A4945A08B165945B44B925146C0068
:10D49000C56DE21C41B22BFCE831061E655C71C40F
:10D4A00015475C71C41D65E031863EBC7CF89AD995
:10D4B00067238DB2C2EA96506E11A596516A2185F6
:10D4C0001652662965165362392516542049E5150A
:10D4D000555C51A595555A61659556D603493D90C1
:10D4E000D2030B3DB04E91E414590C99A5145A087F
:10D4F000A965144B46B125945B42C10A17C664EB7B
:10D5000018C1B77C40C507567C60C10718541F84FA
:10D51000EA8350FD22CA2FA2F8328A2FA3F4420ACE
:10D5200037A4F052CA36A5EC621E30CA98078C2A7E
:10D53000E70193CC79C0A4820A36A8E007C87DA091
:10D54000DC078A7DC0D8B24A2DACD4C20A2DADD03A
:10D55000D2CA2CAE48E31E38A1BC07DA7B80C107D3
:10D560000EC7491A3C29B00B74B5971E20E601433B
:10D570004E32A4B4228A2BA23C120A24A140128863
:10D5800025B5FECF52B640220824A2B8324A2BC39A
:10D5900028531E28E701921E63735C8105361459D7
:10D5A00072C99D9C28C5AD970E00C82A564CC12E45
:10D5B0002992C822C924734C6A8E0FD30FFC03230F
:10D5C000D67FF101131E30E101131E30A1C4FA5FB2
:10D5D0007CE00F34C929564CC16E2BB044124BA4C9
:10D5E000E424C987ED07FE8111EBBFF880090F988D
:10D5F000F080090F985062FD2F3EF0071ACA32568C
:10D600004CC12E2AF0BCE35223813032C81A65A8DF
:10D6100071461A677C987DE01F18B1FE8B0F98F059
:10D6200080090F98F0800925D6FFE2037FA001CB87
:10D630002D964BC1EE28A59C52CA29A59C52CA29F9
:10D64000A57C38F6C03F3062FD171F30E101131E84
:10D6500030E101134AACFFC507FE4003CC18490C6A
:10D66000412620A52AC490420C31E38C0F6421F599
:10D67000FFFFFF1FCD17494C4126298422855065A5
:10D6800032E3035A48FDFFFFFF4700CE204D0C4117
:10D690002629C79C535021810C322642C230238C4C
:10D6A000333E740AAAFFFFFFFF0800CF148EFB4031
:10D6B0002628448F940FE992EAFFFFFFBF0200D0B3
:10D6C00063E00841317920C007487BC0AC078E2A4F
:10D6D0000AA5C20E2ACE9CF2CA29B098028B29B1A3
:10D6E00094124B29B1942249299284078422E101A2
:10D6F000A1487840A8078E22A548528A24A54852FE
:10D700004A2CA5C4524A24A6C062CA33A6BC728A57
:10D7100033A7B0838A42E981A31E28EC01D21E08F8
:10D720000C00D1579B4BC1312A643824866B8D0481
:10D73000E446211F1E3C8FBDE65C73EDB10F84A54E
:10D7400042592A18A544514A98A486416A18A488C7
:10D7500039AA94A38A31CA14A38C29EA94A28E21EF
:10D760000A99A190192A19A154114A99A056096A37
:10D770003D10D8D73CD71E7B07D2549F3CBF722A9E
:10D78000BAECB209277C708A8F0FCF36F880680F09
:10D7900090F580496699639A2906165262196516B2
:10D7A000516611A412412A09A5EABF5A02A9449060
:10D7B0004A449945945946898594584A79E594563E
:10D7C000D049273D60D603C43DB9727800D3549F39
:10D7D0003CBF722CBAE4A2A93D36D1648F0F0F373B
:10D7E000F880680F90F580496699639A2906165269
:10D7F00062196516516611A412412A09A5EABF5A99
:10D8000002A944904A449945945946898594584AB6
:10D8100079E59456D049273D60D603C43DB9727866
:10D8200000D45B9F3CBF722BF9E073932581543287
:10D83000081D654C62861C677C78B2C107447B80FA
:10D84000AC074C32CB1CD34C31B09012CB28B388F0
:10D85000328B20950852492855FFD512482582540D
:10D8600022CA2CA2CC324A2CA4C452CA2BA7B482FE
:10D870004E3AE901B31E20EEC995C303D555DF3BEF
:10D88000BFF22265C823866C72882347211F3EDAC7
:10D89000E003A23D40D6032699658E69A618584834
:10D8A00089659459449945904A04A92494AAFF6A29
:10D8B00009A412412A1165165166192516526229CA
:10D8C000E595535A41279DF480590F10F7E4CAE1BA
:10D8D00001D657DF3BBF722AA5C0520A2CA5C05201
:10D8E0000A2CA57CF860830F88F600590F9864967F
:10D8F00039A69962602125965166116516412A1153
:10D90000A49250AAFEAB25904A04A9449459449984
:10D910006594584889A594574E69059D74D203664D
:10D920003D40DC932B870700D7405AB6457810540A
:10D9300004224920900CE248218C1CA24822882C09
:10D94000624823843C224844D35452CD449108F287
:10D9500008218D18B20822892872082385383208D8
:10D960002481481204150100D872DF3AB7F216BCC0
:10D97000E8928B6AC2A0070E7AE0A007D0310A199C
:10D98000C34E292D91C2D428AD84220A33A108C2E6
:10D99000CC2082B042D432442953942A46256314C1
:10D9A0003247A182D431489D9294294A15A3542923
:10D9B0008B08420A23A208B38AA858198A15A258CC
:10D9C000298815735841271DF4C0410F1CF480515C
:10D9D00045B055908044172E3600D93C9C4CBFF181
:10D9E0002998E00A934CF2D0238F0FC78BD4FFFF06
:10D9F0009324144942912414494291449058048933
:10DA00004514484679859466C851C63C60D00344A5
:10DA10003D205AA3A301DA3A9C4CBF312CB6BA146C
:10DA20002697E0E9C3F922F5FFFF24094592502427
:10DA300009459250241124164162110592515E212C
:10DA4000A5197294310F18F400510F88D6E86800B8
:10DA5000DB449C4CBFF12AD7D443D324A1443248A1
:10DA60001C853C62C61B687CB85BA4FEFF9F24A19A
:10DA700048128A24A148128A2482C422482CA24037
:10DA800032CA2BA434438E32E601831E20EA01D130
:10DA90001A1D0D00DC3C9C4BBFF129A5B4524A2B4A
:10DAA000A5B452CA87378BD4FFFF932414494291FF
:10DAB0002414494291449058048945144846798574
:10DAC0009466C851C63C60D003443D205AA3A301CC
:10DAD000DD435E1C41B024B9E092294D32D1D38799
:10DAE00097CC2CC1C4320A34C3BC524C33A6B47296
:10DAF000CC2AA9AC924C2AABA4C2CA29CD94F24A32
:10DB000029CF8C12CB28B284324B203555744DAEC0
:10DB1000FF1F03DE30D748412F28B29E7CE8815199
:10DB20001E28E301234A42A12C130A2BA134FDB184
:10DB300012CA32A124141E30E281321E18E5A1223D
:10DB4000EB2701DF61193941AE59CCA907C239C6AB
:10DB500098924A298B94B248298B94B24829AA9466
:10DB6000928A29C79C620C2AC5A4528A2A85AC5283
:10DB7000C82AA5A8520E2AE69C725029288DA29088
:10DB800028CC88D24C28AE84F248284F8982482875
:10DB9000A22012CA288784324C29A110274A61A3E7
:10DBA0009C440302E03F95293FAD21B18A441239DC
:10DBB000E6F4612838865E79400C73CA28A908A269
:10DBC0004A288B440AB5F240180F0C814C0926955F
:10DBD00050945A3AB59409E5A0F002194C109208F5
:10DBE000416201E13FD5293F2D2B90160924719206
:10DBF000E3C358700CBDF28018E69451521144955D
:10DC0000501689146AE581301E180299124C2AA117
:10DC100028B5746A2913CA41E1053298202411827B
:10DC2000C402E248D5293F2D32CF38D4102382AC2C
:10DC3000418622652062069A3EAC04C7D02B0F882D
:10DC4000614E192515415409659148A1561E08E3F6
:10DC500081219029C1A4128A524BA79632A11C148B
:10DC60005E208309421221482C00E34315293FAD71
:10DC700021652024066288048406291FC68363E880
:10DC80009507C430A78C928A20AA84B248A4502B4E
:10DC90000F84F1C010C89460520945A9A5534B994F
:10DCA000500E0A2F90C104218910241600E441155A
:10DCB000293F2DA94E21E514524E21E5C3C1E0189C
:10DCC0007AE50131CC29A3A422882AA12C1229D4D7
:10DCD000CA03613C30043225985442516AE9D45257
:10DCE000269483C20B643041482204890500E54E26
:10DCF000552A3F6D22D038410413462C61C4124688
:10DD00002C61C4124630418433907C980A8EA1570E
:10DD10001E10C39C324A2A82A812CA229142AD3CEC
:10DD200010C60343205382492514A5964E2D654203
:10DD30003928BC400613842442905800E65CA7268C
:10DD4000BFF50A1F8485147AA499078478C4202219
:10DD5000C829A328948A28EA2C22CD22B2B0124BDB
:10DD600023E781070479E081221E78E084748A34F5
:10DD7000AAC4C24A2CACC4C2CC52EB2C12CA1A613F
:10DD80002C128A2281A422CC21839C321E10E315FE
:10DD9000671A5A4935214502E7395429A9AC0A6E58
:10DDA00021571E08A31C134A2AA12812C8CA5EFDC7
:10DDB0002D12C822A1A4124A2AA29C421E08C59D67
:10DDC000D546145248E3102491C40989529052C890
:10DDD00000E83ED6293F2D29B24832C91C939A83C8
:10DDE0008E0F7301AEE4CE0382145408514594455E
:10DDF00004612510A6D8037F20C49A24AC04C24A2B
:10DE000028AA8C920A29A79407026A4A41A100E92C
:10DE10003ED6293F6D23B1C01229392489448E0F83
:10DE20008B01AEE4CE03821454085145944504613D
:10DE30002510A6D8037F20C49A24AC04C24A28AA7D
:10DE40008C920A29A79407026A4A41A100EA46D6A1
:10DE5000293F2D32D03CD45223822C42C61A85242D
:10DE600062461A687C980A7025771E10A4A0428822
:10DE70002AA22C22082B8130C51EF80321D624614A
:10DE800025105642516594544839A53C1050530A08
:10DE90000A0500EB3D16293F2DA9502105155250CA
:10DEA00021E5C3DD005772E701410A2A84A822CA8E
:10DEB0002282B0120853EC813F10624D125602616B
:10DEC0002514554649859453CA030135A5A0500031
:10DED000EC178AE9C02528A6187228430E39038D4D
:10DEE0000F7029F5FFFF03ED168A29C16529852AE0
:10DEF000A5506632E4035D4AFDFFFF0800EE1E8E6A
:10DF0000E9C02531C81C6450218210328820658800
:10DF1000610E1A1F6A25D5FFFF8F00EF11CEF8C0E2
:10DF200025284447CA87A5FAFFFF2B00F04517298B
:10DF30003FEE184B1873082AA42CE5CE436DA95266
:10DF4000CA21A89CB00A3CCA9D074479601073CED0
:10DF500028C988B28A28AC04D294CB9F2381B412FA
:10DF60000A2BA1AC324A32C31C531E10C8A915C3D8
:10DF700002F125D538C1AD2145A423066A688893EE
:10DF800044211F0E15A148096C3C40C43926985401
:10DF90004259FAFFDF2AF23CD7293F6E29B34C429F
:10DFA000C92494D05147151FEEA8E5D003C194634E
:10DFB000484946945544612590A65CFE1C09A495E9
:10DFC0005058096595519221E518F340406EA91803
:10DFD0001600F338D7293F6E2B929A445273A2E36E
:10DFE000C325B51C7A2098720C29C988B28A28AC3E
:10DFF00004D294CB9F2381B4120A2BA1AC324A32B3
:10E00000A41C631E08C82D15C302F442D7293F6E15
:10E010002AD2C0039123823032081B85A871861A48
:10E02000687C38A196430F04538E2125195156114F
:10E030008595409A72F9732490564261259455460D
:10E0400049869463CC0301B9A5625800F53C1729B1
:10E050003FEE2165A823C6626A88B306211F8EABF6
:10E06000E5D003C19463484946945544612590A680
:10E070005CFE1C09A4955058096595519221E5183C
:10E08000F340406EA9181600F63B17293F6E29A4ED
:10E09000A4424A2AA4A442CA8717D572E88160CA5A
:10E0A00031A42423CA2AA2B01248532E7F8E04D250
:10E0B0004A28AC84B2CA28C990728C792020B754FF
:10E0C0000C0B00F7195DA5C93823D85C0B930F57CB
:10E0D0001EF803ECC30CC1E6DA306900F85A1828C0
:10E0E000396E15954C424752819C07C279209C722B
:10E0F0004C29E88C82D0286884220822A13A4494D2
:10E10000500C212414330A09A550A1106248286438
:10E110001C12CA2087842208228204828A40A9080D
:10E12000840A31C894728C794098078421421D7208
:10E13000021B75D86001F927D539BF2D29914812E6
:10E1400089A4E498438E0FA365E9FF7FAB84924CCA
:10E1500030E788078868A110250A120B00FA24D539
:10E1600039BF2D2B901609247192E3C36C59FAFF25
:10E17000DF2AA12413CC39E201225A28448982C41F
:10E1800002FB2FD539BF2D2AEFB8D348208C04B21B
:10E19000C8206A9491C6196820F161B02CFDFF6F08
:10E1A00095509209E61CF100112D14A24441620120
:10E1B000FC271539BFED28A598528A29A59852CA7F
:10E1C00087D365E9FF7FAB84924C30E78807886886
:10E1D000A110250A120B00FD53181C2DED23B3C806
:10E1E00032293A28A1D3873BC529474461451456B3
:10E1F00046598414554851C414544C41E594435035
:10E2000031259552522145155256198415515A09F6
:10E21000A595405E7A08A278A2996592594DD204DC
:10E2200029AB8CC256532FC5F200FE38573B2D2E1A
:10E2300028B2FE379229A19107CA40C788938A3035
:10E24000AB04B34A284DFF3512CC2AC1AC124E2A7A
:10E25000021D231E28A38446CA48A618A18AAC3FE3
:10E260000900FF50581B2D6D29A4A8428A2AA4A892
:10E2700042CA87278B53AE84C28A28AC8CB2082945
:10E28000AA94924A29899882CA2987A0624A2AA513
:10E29000A452C822A4AC32CA2A83B4124A2B81BC2D
:10E2A000ECA178A299D524B39A64964928996592ED
:10E2B000060000000004FFFF0000000027530008D4
:10E2C0002B530008BD4D00081815AF19FF1815AEE7
:10E2D00019FF1815A115C819FF1815A015C019FFA9
:10E2E0001815A115C019FF1815A015C819FF181584
:10E2F000AE15D5168015A8163F15D3160015401576
:10E300008D16141520160015A115C815DA1612154C
:10E310008116CF15D916F115DB1640152E15A4154B
:10E32000A619FF1815AE15D5168015A8163F15D3DA
:10E3300016001540158D16141520160015A115C8C8
:10E3400015DA1612158116EF15D916A115DB160070
:10E35000152E15A415A619FF1815AE15D51680157E
:10E36000A8163F15D316001540158D161415201646
:10E370000015A115C815DA1602158116CF15D91684
:10E38000F115DB1640152E15A415A619FF1815AEAC
:10E3900015A415D5165015A8163F15D3160015400F
:10E3A00015AD168B15D9162215DB163515321581CC
:10E3B00016FF15A615DA161219FF1815AE15D51683
:10E3C0008015A8163F15D316001540158D16141587
:10E3D00020160015A115C015DA1612158116CF15D5
:10E3E000D916F115DB1640152E15A415A619FF0038
:10E3F0000001140A6464323200127A000004289684
:10E4000010080000800040000001140A64643232E9
:10E4100000093D0000042896100802028000400018
:10E42000FEFF1F070018739E337B9E777B9E777BD2
:10E430009E777B9E77739E33070018FEFF1FFCFFBD
:10E440001FFEFF3FFF807FE78073C3806DC3806D39
:10E45000E78073FF807FFEFF3FFCFF1F7070703806
:10E4600038381C1C1C0E0E0E0707070707070E0E78
:10E470000E1C1C1C3838387070700707070E0E0E03
:10E480001C1C1C3838387070707070703838381C2C
:10E490001C1C0E0E0E070707FCFF03FEFF07FFFF05
:10E4A0000FFFFF0FFFFF0F0F000F0F000F0F000FE9
:10E4B0000F000F0F000F0F000F0F000F0F000F0FB7
:10E4C000000F0F000F0F000F0F000F0F000F0F00B6
:10E4D0000F0F000F0F000F0F000F0F000F0F000F97
:10E4E0000F000F0F000F0F000F0F000F0F000F0F87
:10E4F000000F0F000F0F000F0F000F0F000F0F0086
:10E500000FFFFF0FFFFF0FFFFF0FFEFF07FCFF03D3
:10E51000000200000700800F00800F00800F0080C5
:10E520000F00800F00800F00800F00800F00800F11
:10E5300000800F00800F00800F00800F00800F0010
:10E54000800F00800F00800F00800F00800F008080
:10E550000F00800F00800F00800F00800F00800FE1
:10E5600000800F00800F00800F00800F00800F00E0
:10E57000800F00800F00800F00800F00800F008050
:10E580000F00000700000200FCFF07FEFF0FFEFF68
:10E590000FFCFF0FF8FF0F00000F00000F00000F2F
:10E5A00000000F00000F00000F00000F00000F0020
:10E5B000000F00000F00000F00000FFCFF0FFEFF18
:10E5C0000FFEFF0FFFFF07FFFF07FFFF030F000016
:10E5D0000F00000F00000F00000F00000F00000FE1
:10E5E00000000F00000F00000F00000F00000F00E0
:10E5F00000FFFF03FFFF07FFFF07FEFF07FCFF030E
:10E60000FCFF03FEFF07FFFF0FFEFF0FFCFF0F00E5
:10E61000000F00000F00000F00000F00000F0000AF
:10E620000F00000F00000F00000F00000F00000F90
:10E6300000000FFCFF0FFEFF0FFFFF0FFFFF0FFE9D
:10E64000FF0FFCFF0F00000F00000F00000F000085
:10E650000F00000F00000F00000F00000F00000F60
:10E6600000000F00000F00000FFCFF0FFEFF0FFF68
:10E67000FF0FFEFF07FCFF030600060F000F0F0051
:10E680000F0F000F0F000F0F000F0F000F0F000FE5
:10E690000F000F0F000F0F000F0F000F0F000F0FD5
:10E6A000000F0F000F0F000F0F000F0F000FFFFFE5
:10E6B0000FFFFF0FFFFF0FFEFF0FFCFF0FF8FF0F15
:10E6C00000000F00000F00000F00000F00000F00FF
:10E6D000000F00000F00000F00000F00000F0000EF
:10E6E0000F00000F00000F00000F00000F000006D9
:10E6F000FCFF07FEFF0FFFFF0FFFFF07FFFF011FDC
:10E7000000001F00001F00001F00001F00001F006E
:10E71000001F00001F00001F00001F00001F00005E
:10E72000FFFF01FFFF03FFFF07FFFF0FFEFF0FFCCF
:10E73000FF0F00000F00000F00000F00000F00008F
:10E740000F00000F00000F00000F00000F00000F6F
:10E7500000000F00000F00000FF8FF0FFCFF0FFC80
:10E76000FF0FFCFF07F8FF03FCFF03FEFF0FFFFF97
:10E7700007FFFF03FFFF010F00000F00000F000065
:10E780000F00000F00000F00000F00000F00000F2F
:10E7900000000F00000F00000F0000FFFF01FFFF4F
:10E7A00003FFFF07FFFF0FFFFF0FFFFF0F0F000F1C
:10E7B0000F000F0F000F0F000F0F000F0F000F0FB4
:10E7C000000F0F000F0F000F0F000F0F000F0F00B3
:10E7D0000FFFFF0FFFFF0FFFFF0FFFFF0FFEFF07F2
:10E7E000FEFF01FFFF03FFFF07FFFF0FFFFF0FFE0D
:10E7F000FF0F00800F00800F00800F00800F00804F
:10E800000F00800F00800F00800F00800F00800F2E
:10E8100000800F00800F00800F00800F00800F002D
:10E82000800F00800F00800F00800F00800F00809D
:10E830000F00800F00800F00800F00800F00800FFE
:10E8400000800F00800F00800F00800F00800F00FD
:10E85000800F00800F000007FCFF03FEFF07FFFF93
:10E860000FFFFF0FFFFF0F0F000F0F000F0F000F25
:10E870000F000F0F000F0F000F0F000F0F000F0FF3
:10E88000000F0F000F0F000F0F000FFFFF0FFFFF14
:10E890000FFFFF0FFFFF0FFFFF0FFFFF0F0F000F17
:10E8A0000F000F0F000F0F000F0F000F0F000F0FC3
:10E8B000000F0F000F0F000F0F000F0F000F0F00C2
:10E8C0000FFFFF0FFFFF0FFFFF0FFEFF07FCFF0310
:10E8D000FCFF03FEFF07FFFF0FFFFF0FFFFF0F0708
:10E8E000000F07000F07000F07000F07000F0700BA
:10E8F0000F07000F07000F07000F07000F07000F9B
:10E9000007000FFFFF0FFFFF07FFFF03FFFF03FEDF
:10E91000FF07FCFF0F00000F00000F00000F0000BA
:10E920000F00000F00000F00000F00000F00000F8D
:10E9300000000F00000F00000FFCFF0FFEFF0FFE96
:10E94000FF0FFEFF07FCFF030000060000000600AB
:10E9500000000600000006060080000700C08103DA
:10E96000002083010030060000700C0000D8180061
:10E97000009831000019633C8039C63CC06C8C01A2
:10E9800060C61803308331019801E300C0007E00A7
:10E9900060001F003080010018C000000C60000003
:10E9A0000630000003180000060C00000C060000F2
:10E9B00018030000B0010000E0000000400000006B
:10E9C0001E2121212121211E080C0A080808083EC9
:10E9D0001E2110080402013F1E2120201E20211E9E
:10E9E00010181412113F10103E0101011E20201FAB
:10E9F0003E0101011E21211E3F2030180C0603019B
:10EA00001E2121211E21211E1E2121211E20201F09
:10EA1000000C0C00000C0C0002060E1E1E0E06025E
:10EA2000636C6564657200000000746F7263680057
:10EA30000000000068756D00000000000000636CBD
:10EA40006F636B00000000006D6F726500000000D6
:10EA500000000000300000310000320000330000F0
:10EA6000340000350000360000370000380000395F
:10EA700000003130003131003132003133003134A7
:10EA8000003135003136003137003138003139007E
:10EA90003230003231003232003233003234003250
:10EAA0003500323600323700323800323900333028
:10EAB000003331005375004D6F00547500576500E9
:10EAC000546800467200536100000000000011000D
:10EAD00022003300440055006600000011001A00B7
:10EAE00023002C0035003E0000000B001600210022
:10EAF0002C00370042004D00580063006E00790082
:10EB00003C3C3C000000000000007265636F7264D2
:10EB100000000000536F756E640000000000506F2D
:10EB2000776572000000000041626F75740000009C
:10EB300000000000140000001E000000280000007B
:10EB4000320000003C000000460000006465666181
:10EB5000756C745461736B0078EB00080000002042
:10EB6000540500002801000800EE000854050020AC
:10EB7000F4480000840100083201821003A124F44B
:10EB80001AAA01011013B805C220320832233247F5
:10EB90003262320F32145A2810323E32165A0404AE
:10EBA00029109A2710E7636C656465721301F02BD6
:10EBB000C003042809FEFFFF1FFFFFFF3F0412F7F9
:10EBC0002BC03B0412676B803914690422076E382E
:10EBD00077EE9D3B042910091214BC77EE1D042921
:10EBE000146944296CB11AE21432255A1E04F674D1
:10EBF0006F726368220232067904120612801207CD
:10EC000014C08103142083011A301423700C23D8FC
:10EC100018239831101719633C8039C63CC06C8C9E
:10EC20000160C61803308331019801E312C0127EDF
:10EC30001260121F143080012318C01B0C604A227E
:10EC4000301A03371A063F1A0C4723180323B00162
:10EC500032E0E24032099A1BA8041168756D193E32
:10EC600019031B80043D3A08041420600B147070D3
:10EC70000B156058CB0F174CCB0F02460B180B0728
:10EC800043CB038641CB03C040181D40CB0F30045B
:10EC90001A370C2D3740CB03045A30181AC0041B06
:10ECA00086413013231324029624135C2814305811
:10ECB00028143890241C102013F4196423B807D2A8
:10ECC0001032319A11A8F6636C6F636B180C04F85C
:10ECD000FFFF07FC1FFE0F06C0F312C02330332ACC
:10ECE000330422831430C301143083031C30030720
:10ECF000041A0E041A1C041238280A3001F00120EC
:10ED00000DE0FF2D045F01E0012003181C292429D8
:10ED10002C2934194029046950295C2964296C295B
:10ED200074B132599A1BA8D00873657474696E6700
:10ED300012051AF05913F80714D8F8CF2012EC3F37
:10ED4000FF03F43FFF07F83FFE0F7C0FB80F7C1066
:10ED5000370F78E0810FF0F88707F8FC8F0F7EFC03
:10ED60001F3F7F1E1E3F3F1E3C3E070E3C380F1EBE
:10ED70003C383F1E3E3E7FFE1F3F7EFC0F3FF8F8B3
:10ED80008F07F0F08307783A803C1D7C0FFC0F4C16
:10ED90001B07F0581EE03FFF01C06411196C297475
:10EDA000B132819A25A876020A3A03023201B62DC1
:10EDB00037414B553217320ADA68105A350881321A
:10EDC0003132105A20048112063208121602113410
:10EDD000120112091219122112299A110C29847296
:10EDE00037720D5A0B785A24685A3E1C321BDA29A6
:10EDF0003032193226723332185A2CF4690429142D
:04000005080000ED02
:00000001FF
